Workbook

Sheet يناير
B9: سلطنة عمان
B10: وزارة الزراعة والثروة السمكية
B13: تقرير أعمال قسم الحجر البيطري لشهر يناير
B14: منفـــــــــــــــــــــــــــــــــذ: | D14: الوجاجه
B16: أولا: الواردات
B18: 1- حيوانــــــــــــات حيـــــــــــــة :
B19: م | C19: نوع الحيوان | D19: الوحدة | E19: العدد
B20: 1 | C20: ابقار | D20: راس | E20: 0
B21: 2 | C21: ابل | D21: راس | E21: 0
B22: 3 | C22: ضان | D22: راس | E22: 0
B23: 4 | C23: ماعز | D23: راس | E23: 0
B24: 5 | C24: خيول | D24: راس | E24: 18
B25: 6 | C25: بوني | D25: راس | E25: 0
B26: 7 | C26: زيبرا | D26: راس | E26: 0
B27: الإجمالي | E27: =SUM(E20:E26) -> 18
B29: م | C29: البلاد المصدرة :
B30: 1
B31: 2
B32: 3
B33: 4
B34: 5 | C34: الامارات/فرنسا/الولايات المتحدة/اورغواي/المملكة المتحدة و ايرلندا
B35: 6
B36: 7
B40: 2-حيوانــــــــــــات أليفة وبرية :
B41: م | C41: نوع الحيوان | D41: الوحدة | E41: العدد
B42: 1 | C42: كلاب | D42: راس | E42: 3
B43: 2 | C43: قطط | D43: راس | E43: 1
B44: 3 | C44: غزلان | D44: راس | E44: 0
B45: 4 | C45: المها العربية | D45: راس | E45: 0
B46: 5 | C46: اللاما | D46: راس | E46: 0
B47: 6 | C47: قوارض (فئران - سناجب - خنزيرغينيا - هامستر ) | D47: راس | E47: 0
B48: 7 | C48: سناجب | D48: راس | E48: 0
B49: 8 | C49: برمائيات (سلاحف - ضفادع ) | D49: راس | E49: 0
B50: 9 | C50: زواحف ( ثعابين - سحالي - تماسيح ) | D50: راس | E50: 0
B51: 10 | C51: حيوانات برية مفترسة | D51: راس | E51: 0
B52: 11 | C52: الرئيسيات | D52: راس | E52: 0
B53: 12 | C53: حيوانات السيرك والعروض | D53: راس | E53: 0
B54: الإجمالي | E54: =SUM(E42:E53) -> 4
B56: م | C56: البلاد المصدرة :
B57: 1 | C57: الامارات - قطر
B58: 2 | C58: الامارات
B59: 3
B60: 4
B61: 5
B62: 6
B63: 7
B64: 8
B65: 9
B66: 10
B67: 11
B68: 12
B72: 3-طيــــــــــــــور وأسماك حيـــــــــــــــة:
B73: م | C73: نوع الطيور | D73: الوحدة | E73: العدد
B74: 1 | C74: كتاكيت | D74: راس | E74: 0
B75: 2 | C75: دواجن ( حمام - بط - ارانب - دجاج - تركي ) | D75: راس | E75: 0
B76: 3 | C76: نعام | D76: راس | E76: 0
B77: 4 | C77: طيور زينة | D77: رأس | E77: 0
B78: 5 | C78: طاووس | D78: راس | E78: 0
B79: 6 | C79: ببغاء | D79: راس | E79: 0
B80: 7 | C80: بطريق | D80: راس | E80: 0
B81: 8 | C81: بغبغاوات | D81: راس | E81: 0
B82: 9 | C82: طيور جارحة | D82: راس | E82: 0
B83: 10 | C83: اسماك الزينة | D83: راس | E83: 0
B84: 11 | C84: اسماك تربية ( زريعة ) | D84: راس | E84: 0
B85: الإجمالي | E85: =SUM(E74:E84) -> 0
B87: م | C87: البلاد المصدرة :
B88: 1
B89: 2
B90: 3
B91: 4
B92: 5
B93: 6
B94: 7
B95: 8
B96: 9
B97: 10
B98: 11
B102: 4-لحـــــــــــــــــوم وأسمــــــــــــــاك:
B103: م | C103: نوع المنتج | D103: الوحده | E103: الوزن بالكيلو | F103: الوزن بالطن
B104: 1 | C104: أسماك | D104: كجم | E104: 119936 | F104: =E104/1000 -> 119.936
B105: 2 | C105: منتجات أسماك ( تونة - رنجة - انشوجة - ساردين - مجفف - مدخن ) | D105: كجم | E105: 17822 | F105: =E105/1000 -> 17.822
B106: 3 | C106: زيت السمك للاستهلاك الادمي | D106: كجم | E106: 0 | F106: =E106/1000 -> 0
B107: 4 | C107: لحم بقري وجاموس | D107: كجم | E107: 75658 | F107: =E107/1000 -> 75.658
B108: 5 | C108: لحم أغنام وماعز | D108: كجم | E108: 132148 | F108: =E108/1000 -> 132.148
B109: 6 | C109: منتجات لحوم مصنعة ( مرتديلا - نقانق - سجق - لحم مفروم - لحم مدخن - مجفف .....) | D109: كجم | E109: 37380 | F109: =E109/1000 -> 37.38
B110: 7 | C110: لحم ابل | D110: كجم | E110: 0 | F110: =E110/1000 -> 0
B111: 8 | C111: لحم غزال | D111: كجم | E111: 0 | F111: =E111/1000 -> 0
B112: 9 | C112: لحوم دواجن ( دجاج - ارانب - بط - حمام - سمان - رومي - نعام ) | D112: كجم | E112: 808196 | F112: =E112/1000 -> 808.196
B113: 10 | C113: منتجات لحوم دواجن مصنعة (مرتديلا - مفروم - مجفف - نقانق - مدخن ) | D113: كجم | E113: 1 | F113: =E113/1000 -> 0.001
B114: 11 | C114: لحم خنزير ومنتجاته | D114: كجم | E114: 0 | F114: =E114/1000 -> 0
B115: 12 | C115: شحوم حيوانية | D115: كجم | E115: 0 | F115: =E115/1000 -> 0
B116: الإجمالي | E116: =SUM(E104:E115) -> 1191141 | F116: =SUM(F104:F115) -> 1191.141
B118: م | C118: البلاد المصدرة :
B119: 1 | C119: الامارات - اسبانيا - النرويج - الهند - اندونسيا - عمان - اوغندا - تركيا - نيوزيلاندا
B120: 2 | C120: الامارات - فيتنام - النرويج - اليونان - اندونيسيا
B121: 3
B122: 4 | C122: الامارات - البرازيل - هولندا - استراليا -جنوب افريقيا
B123: 5 | C123: الامارات - استراليا
B124: 6 | C124: الامارات - السعوديه - الكويت - استراليا - امريكا
B125: 7
...

Sheet فبراير
B9: سلطنة عمان
B10: وزارة الزراعة والثروة السمكية
B13: تقرير أعمال قسم الحجر البيطري لشهر فبراير
B14: منفــــــــــــــــــــــــــــــذ: | D14: =يناير!D14 -> الوجاجه
B16: أولا: الواردات
B18: 1- حيوانــــــــــــات حيـــــــــــــة :
B19: م | C19: نوع الحيوان | D19: الوحدة | E19: العدد
B20: 1 | C20: ابقار | D20: راس
B21: 2 | C21: ابل | D21: راس
B22: 3 | C22: ضان | D22: راس
B23: 4 | C23: ماعز | D23: راس
B24: 5 | C24: خيول | D24: راس | E24: 24
B25: 6 | C25: بوني | D25: راس
B26: 7 | C26: زيبرا | D26: راس
B27: الإجمالي | E27: =SUM(E20:E26) -> 24
B29: م | C29: البلاد المصدرة :
B30: 1
B31: 2
B32: 3
B33: 4
B34: 5 | C34: بريطانيا – فرنسا – بلجيكا – الدنمارك – عمان - الامارات
B35: 6
B36: 7
B40: 2-حيوانــــــــــــات أليفة وبرية :
B41: م | C41: نوع الحيوان | D41: الوحدة | E41: العدد
B42: 1 | C42: كلاب | D42: راس
B43: 2 | C43: قطط | D43: راس | E43: 1
B44: 3 | C44: غزلان | D44: راس
B45: 4 | C45: المها العربية | D45: راس
B46: 5 | C46: اللاما | D46: راس
B47: 6 | C47: قوارض (فئران - سناجب - خنزيرغينيا - هامستر ) | D47: راس
B48: 7 | C48: سناجب | D48: راس
B49: 8 | C49: برمائيات (سلاحف - ضفادع ) | D49: راس
B50: 9 | C50: زواحف ( ثعابين - سحالي - تماسيح ) | D50: راس
B51: 10 | C51: حيوانات برية مفترسة | D51: راس
B52: 11 | C52: الرئيسيات | D52: راس
B53: 12 | C53: حيوانات السيرك والعروض | D53: راس
B54: الإجمالي | E54: =SUM(E42:E53) -> 1
B56: م | C56: البلاد المصدرة :
B57: 1
B58: 2 | C58: الامارات
B59: 3
B60: 4
B61: 5
B62: 6
B63: 7
B64: 8
B65: 9
B66: 10
B67: 11
B68: 12
B72: 3-طيــــــــــــــور وأسماك حيـــــــــــــــة:
B73: م | C73: نوع الطيور | D73: الوحدة | E73: العدد
B74: 1 | C74: كتاكيت | D74: راس
B75: 2 | C75: دواجن ( حمام - بط - ارانب - دجاج - تركي ) | D75: راس
B76: 3 | C76: نعام | D76: راس
B77: 4 | C77: طيور زينة | D77: رأس
B78: 5 | C78: طاووس | D78: راس
B79: 6 | C79: ببغاء | D79: راس
B80: 7 | C80: بطريق | D80: راس
B81: 8 | C81: بغبغاوات | D81: راس
B82: 9 | C82: طيور جارحة | D82: راس
B83: 10 | C83: اسماك زينة | D83: راس
B84: 11 | C84: اسماك تربية ( زريعة ) | D84: راس
B85: الإجمالي | E85: =SUM(E74:E84) -> 0
B87: م | C87: البلاد المصدرة :
B88: 1
B89: 2
B90: 3
B91: 4
B92: 5
B93: 6
B94: 7
B95: 8
B96: 9
B97: 10
B98: 11
B102: 4-لحـــــــــــــــــوم وأسمــــــــــــــاك:
B103: م | C103: نوع المنتج | D103: الوحده | E103: الوزن بالكيلو | F103: الوزن بالطن
B104: 1 | C104: أسماك | D104: كجم | E104: 160637.8 | F104: =E104/1000 -> 160.6378
B105: 2 | C105: منتجات أسماك ( تونة - رنجة - انشوجة - ساردين - مجفف - مدخن ) | D105: كجم | E105: 27606 | F105: =E105/1000 -> 27.606
B106: 3 | C106: زيت السمك للاستهلاك الادمي | D106: كجم | F106: =E106/1000 -> 0
B107: 4 | C107: لحم بقري وجاموس | D107: كجم | E107: 44661 | F107: =E107/1000 -> 44.661
B108: 5 | C108: لحم أغنام وماعز | D108: كجم | E108: 96625 | F108: =E108/1000 -> 96.625
B109: 6 | C109: منتجات لحوم مصنعة ( مرتديلا - نقانق - سجق - لحم مفروم - لحم مدخن - مجفف .....) | D109: كجم | E109: 2766 | F109: =E109/1000 -> 2.766
B110: 7 | C110: لحم ابل | D110: كجم | F110: =E110/1000 -> 0
B111: 8 | C111: لحم غزال | D111: كجم | F111: =E111/1000 -> 0
B112: 9 | C112: لحوم دواجن ( دجاج - ارانب - بط - حمام - سمان - رومي - نعام ) | D112: كجم | E112: 433760 | F112: =E112/1000 -> 433.76
B113: 10 | C113: منتجات لحوم دواجن مصنعة (مرتديلا - مفروم - مجفف - نقانق - مدخن ) | D113: كجم | E113: 113 | F113: =E113/1000 -> 0.113
B114: 11 | C114: لحم خنزير ومنتجاته | D114: كجم | F114: =E114/1000 -> 0
B115: 12 | C115: شحوم حيوانية | D115: كجم | F115: =E115/1000 -> 0
B116: الإجمالي | E116: =SUM(E104:E115) -> 766168.8 | F116: =SUM(F104:F115) -> 766.1688
B118: م | C118: البلاد المصدرة :
B119: 1
B120: 2
B121: 3
B122: 4
B123: 5
B124: 6
B125: 7
...

Sheet مارس
B9: سلطنة عمان
B10: وزارة الزراعة والثروة السمكية
B13: تقرير أعمال قسم الحجر البيطري لشهر مارس
B14: منفــــــــــــــــــــــــــــــذ: | D14: =يناير!D14 -> الوجاجه
B16: أولا: الواردات
B18: 1- حيوانــــــــــــات حيـــــــــــــة :
B19: م | C19: نوع الحيوان | D19: الوحدة | E19: العدد
B20: 1 | C20: ابقار | D20: راس | E20: 0
B21: 2 | C21: ابل | D21: راس | E21: 0
B22: 3 | C22: ضان | D22: راس | E22: 0
B23: 4 | C23: ماعز | D23: راس | E23: 0
B24: 5 | C24: خيول | D24: راس | E24: 44
B25: 6 | C25: بوني | D25: راس | E25: 0
B26: 7 | C26: زيبرا | D26: راس | E26: 0
B27: الإجمالي | E27: =SUM(E20:E26) -> 44
B29: م | C29: البلاد المصدرة :
B30: 1
B31: 2
B32: 3
B33: 4
B34: 5 | C34: استراليا/السعودية/فرنسا/ايطاليا/اسبانيا/ايرلندا/امريكا/المملكة المتحدة/جنوب افريقيا/عمان/الامارات
B35: 6
B36: 7
B40: 2-حيوانــــــــــــات أليفة وبرية :
B41: م | C41: نوع الحيوان | D41: الوحدة | E41: العدد
B42: 1 | C42: كلاب | D42: راس | E42: 0
B43: 2 | C43: قطط | D43: راس | E43: 1
B44: 3 | C44: غزلان | D44: راس | E44: 0
B45: 4 | C45: المها العربية | D45: راس | E45: 0
B46: 5 | C46: اللاما | D46: راس | E46: 0
B47: 6 | C47: قوارض (فئران - سناجب - خنزيرغينيا - هامستر ) | D47: راس | E47: 0
B48: 7 | C48: سناجب | D48: راس | E48: 0
B49: 8 | C49: برمائيات (سلاحف - ضفادع ) | D49: راس | E49: 0
B50: 9 | C50: زواحف ( ثعابين - سحالي - تماسيح ) | D50: راس | E50: 0
B51: 10 | C51: حيوانات برية مفترسة | D51: راس | E51: 0
B52: 11 | C52: الرئيسيات | D52: راس | E52: 0
B53: 12 | C53: حيوانات السيرك والعروض | D53: راس
B54: الإجمالي | E54: =SUM(E42:E53) -> 1
B56: م | C56: البلاد المصدرة :
B57: 1
B58: 2 | C58: الامارات
B59: 3
B60: 4
B61: 5
B62: 6
B63: 7
B64: 8
B65: 9
B66: 10
B67: 11
B68: 12
B72: 3-طيــــــــــــــور وأسماك حيـــــــــــــــة:
B73: م | C73: نوع الطيور | D73: الوحدة | E73: العدد
B74: 1 | C74: كتاكيت | D74: راس | E74: 0
B75: 2 | C75: دواجن ( حمام - بط - ارانب - دجاج - تركي ) | D75: راس | E75: 0
B76: 3 | C76: نعام | D76: راس | E76: 0
B77: 4 | C77: طيور زينة | D77: رأس | E77: 0
B78: 5 | C78: طاووس | D78: راس | E78: 0
B79: 6 | C79: ببغاء | D79: راس | E79: 0
B80: 7 | C80: بطريق | D80: راس | E80: 0
B81: 8 | C81: بغبغاوات | D81: راس | E81: 0
B82: 9 | C82: طيور جارحة | D82: راس | E82: 0
B83: 10 | C83: اسماك زينة | D83: راس | E83: 0
B84: 11 | C84: اسماك تربية ( زريعة ) | D84: راس | E84: 0
B85: الإجمالي | E85: =SUM(E74:E84) -> 0
B87: م | C87: البلاد المصدرة :
B88: 1
B89: 2
B90: 3
B91: 4
B92: 5
B93: 6
B94: 7
B95: 8
B96: 9
B97: 10
B98: 11
B102: 4-لحـــــــــــــــــوم وأسمــــــــــــــاك:
B103: م | C103: نوع المنتج | D103: الوحده | E103: الوزن بالكيلو | F103: الوزن بالطن
B104: 1 | C104: أسماك | D104: كجم | E104: 69887.27 | F104: =E104/1000 -> 69.88727
B105: 2 | C105: منتجات أسماك ( تونة - رنجة - انشوجة - ساردين - مجفف - مدخن ) | D105: كجم | E105: 21439.08 | F105: =E105/1000 -> 21.43908
B106: 3 | C106: زيت السمك للاستهلاك الادمي | D106: كجم | E106: 0 | F106: =E106/1000 -> 0
B107: 4 | C107: لحم بقري وجاموس | D107: كجم | E107: 34348.045 | F107: =E107/1000 -> 34.348045
B108: 5 | C108: لحم أغنام وماعز | D108: كجم | E108: 264424.69 | F108: =E108/1000 -> 264.42469
B109: 6 | C109: منتجات لحوم مصنعة ( مرتديلا - نقانق - سجق - لحم مفروم - لحم مدخن - مجفف .....) | D109: كجم | E109: 55903.27 | F109: =E109/1000 -> 55.90327
B110: 7 | C110: لحم ابل | D110: كجم | E110: 0 | F110: =E110/1000 -> 0
B111: 8 | C111: لحم غزال | D111: كجم | E111: 0 | F111: =E111/1000 -> 0
B112: 9 | C112: لحوم دواجن ( دجاج - ارانب - بط - حمام - سمان - رومي - نعام ) | D112: كجم | E112: 491398.5 | F112: =E112/1000 -> 491.3985
B113: 10 | C113: منتجات لحوم دواجن مصنعة (مرتديلا - مفروم - مجفف - نقانق - مدخن ) | D113: كجم | E113: 15796.46 | F113: =E113/1000 -> 15.79646
B114: 11 | C114: لحم خنزير ومنتجاته | D114: كجم | E114: 0 | F114: =E114/1000 -> 0
B115: 12 | C115: شحوم حيوانية | D115: كجم | E115: 50 | F115: =E115/1000 -> 0.05
B116: الإجمالي | E116: =SUM(E104:E115) -> 953247.32 | F116: =SUM(F104:F115) -> 953.24732
B118: م | C118: البلاد المصدرة :
B119: 1 | C119: فرنسا/الهند/الصين/عمان/ميانمار/فيتنام/النرويج/بلغاريا/يوغندا/نيوزيلاند/انونيسيا/ايسلند/باكستان/الامارات
B120: 2 | C120: الامارات
B121: 3
B122: 4 | C122: البرازيل/استراليا/ماليزيا/هولندا/الامارات/ايطاليا/فرنسا
B123: 5 | C123: استراليا/البرازيل/الاروغواي/هولندا/الامارات
B124: 6 | C124: السعودية/الامارات/استراليا
B125: 7
...

Sheet ابريل
B9: سلطنة عمان
B10: وزارة الزراعة والثروة السمكية
B13: تقرير أعمال قسم الحجر البيطري لشهر ابريل
B14: منفــــــــــــــــــــــــــــــذ: | D14: =يناير!D14 -> الوجاجه
B16: أولا: الواردات
B18: 1- حيوانــــــــــــات حيـــــــــــــة :
B19: م | C19: نوع الحيوان | D19: الوحدة | E19: العدد
B20: 1 | C20: ابقار | D20: راس | E20: 0
B21: 2 | C21: ابل | D21: راس | E21: 0
B22: 3 | C22: ضان | D22: راس | E22: 0
B23: 4 | C23: ماعز | D23: راس | E23: 0
B24: 5 | C24: خيول | D24: راس | E24: 41
B25: 6 | C25: بوني | D25: راس | E25: 0
B26: 7 | C26: زيبرا | D26: راس | E26: 0
B27: الإجمالي | E27: =SUM(E20:E26) -> 41
B29: م | C29: البلاد المصدرة :
B30: 1
B31: 2
B32: 3
B33: 4
B34: 5 | C34: الامارات/فرنسا/الولايات المتحدة/اورغواي/المملكة المتحدة /ايطاليا/ ايرلندا
B35: 6
B36: 7
B40: 2-حيوانــــــــــــات أليفة وبرية :
B41: م | C41: نوع الحيوان | D41: الوحدة | E41: العدد
B42: 1 | C42: كلاب | D42: راس | E42: 0
B43: 2 | C43: قطط | D43: راس | E43: 3
B44: 3 | C44: غزلان | D44: راس | E44: 0
B45: 4 | C45: المها العربية | D45: راس | E45: 0
B46: 5 | C46: اللاما | D46: راس | E46: 0
B47: 6 | C47: قوارض (فئران - سناجب - خنزيرغينيا - هامستر ) | D47: راس | E47: 0
B48: 7 | C48: سناجب | D48: راس | E48: 0
B49: 8 | C49: برمائيات (سلاحف - ضفادع ) | D49: راس | E49: 0
B50: 9 | C50: زواحف ( ثعابين - سحالي - تماسيح ) | D50: راس | E50: 0
B51: 10 | C51: حيوانات برية مفترسة | D51: راس | E51: 0
B52: 11 | C52: الرئيسيات | D52: راس | E52: 0
B53: 12 | C53: حيوانات السيرك والعروض | D53: راس | E53: 0
B54: الإجمالي | E54: =SUM(E42:E53) -> 3
B56: م | C56: البلاد المصدرة :
B57: 1
B58: 2 | C58: الامارات
B59: 3
B60: 4
B61: 5
B62: 6
B63: 7
B64: 8
B65: 9
B66: 10
B67: 11
B68: 12
B72: 3-طيــــــــــــــور وأسماك حيـــــــــــــــة:
B73: م | C73: نوع الطيور | D73: الوحدة | E73: العدد
B74: 1 | C74: كتاكيت | D74: راس | E74: 0
B75: 2 | C75: دواجن ( حمام - بط - ارانب - دجاج - تركي ) | D75: راس | E75: 0
B76: 3 | C76: نعام | D76: راس | E76: 0
B77: 4 | C77: طيور زينة | D77: رأس | E77: 0
B78: 5 | C78: طاووس | D78: راس | E78: 0
B79: 6 | C79: ببغاء | D79: راس | E79: 0
B80: 7 | C80: بطريق | D80: راس | E80: 0
B81: 8 | C81: بغبغاوات | D81: راس | E81: 0
B82: 9 | C82: طيور جارحة | D82: راس | E82: 0
B83: 10 | C83: اسماك زينة | D83: راس | E83: 0
B84: 11 | C84: اسماك تربية ( زريعة ) | D84: راس | E84: 0
B85: الإجمالي | E85: =SUM(E74:E84) -> 0
B87: م | C87: البلاد المصدرة :
B88: 1
B89: 2
B90: 3
B91: 4
B92: 5
B93: 6
B94: 7
B95: 8
B96: 9
B97: 10
B98: 11
B102: 4-لحـــــــــــــــــوم وأسمــــــــــــــاك:
B103: م | C103: نوع المنتج | D103: الوحده | E103: الوزن بالكيلو | F103: الوزن بالطن
B104: 1 | C104: أسماك | D104: كجم | E104: 97706 | F104: =E104/1000 -> 97.706
B105: 2 | C105: منتجات أسماك ( تونة - رنجة - انشوجة - ساردين - مجفف - مدخن ) | D105: كجم | F105: =E105/1000 -> 0
B106: 3 | C106: زيت السمك للاستهلاك الادمي | D106: كجم | F106: =E106/1000 -> 0
B107: 4 | C107: لحم بقري وجاموس | D107: كجم | E107: 153824.45 | F107: =E107/1000 -> 153.82445
B108: 5 | C108: لحم أغنام وماعز | D108: كجم | E108: 26567.8 | F108: =E108/1000 -> 26.5678
B109: 6 | C109: منتجات لحوم مصنعة ( مرتديلا - نقانق - سجق - لحم مفروم - لحم مدخن - مجفف .....) | D109: كجم | E109: 7737.86 | F109: =E109/1000 -> 7.73786
B110: 7 | C110: لحم ابل | D110: كجم | F110: =E110/1000 -> 0
B111: 8 | C111: لحم غزال | D111: كجم | F111: =E111/1000 -> 0
B112: 9 | C112: لحوم دواجن ( دجاج - ارانب - بط - حمام - سمان - رومي - نعام ) | D112: كجم | E112: 252513.2 | F112: =E112/1000 -> 252.5132
B113: 10 | C113: منتجات لحوم دواجن مصنعة (مرتديلا - مفروم - مجفف - نقانق - مدخن ) | D113: كجم | E113: 2651.18 | F113: =E113/1000 -> 2.65118
B114: 11 | C114: لحم خنزير ومنتجاته | D114: كجم | F114: =E114/1000 -> 0
B115: 12 | C115: شحوم حيوانية | D115: كجم | F115: =E115/1000 -> 0
B116: الإجمالي | E116: =SUM(E104:E115) -> 541000.49 | F116: =SUM(F104:F115) -> 541.00049
B118: م | C118: البلاد المصدرة :
B119: 1 | C119: الامارات/اسبانيا/النرويج/الهند/اندونيسيا/فيتنام/اوغندا/باكستان/نيوزيلاند/اليابان/الصين/روسيا
B120: 2
B121: 3
B122: 4 | C122: الامارات/البرازيل/هولندا/استراليا/السعودية/فرنسا/جنوب افريقيا/سنغافوره/تشيلي /الدنمارك /اليابان/ ماليزيا
B123: 5 | C123: الامارات/استراليا/السعودية/ايطاليا
B124: 6 | C124: الامارات/السعودية
B125: 7
...

Sheet مايو
B9: سلطنة عمان
B10: وزارة الزراعة والثروة السمكية
B13: تقرير أعمال قسم الحجر البيطري لشهر مايو
B14: منفــــــــــــــــــــــــــــــذ: | D14: =يناير!D14 -> الوجاجه
B16: أولا: الواردات
B18: 1- حيوانــــــــــــات حيـــــــــــــة :
B19: م | C19: نوع الحيوان | D19: الوحدة | E19: العدد
B20: 1 | C20: ابقار | D20: راس
B21: 2 | C21: ابل | D21: راس
B22: 3 | C22: ضان | D22: راس
B23: 4 | C23: ماعز | D23: راس
B24: 5 | C24: خيول | D24: راس | E24: 27
B25: 6 | C25: بوني | D25: راس
B26: 7 | C26: زيبرا | D26: راس
B27: الإجمالي | E27: =SUM(E20:E26) -> 27
B29: م | C29: البلاد المصدرة :
B30: 1
B31: 2
B32: 3
B33: 4
B34: 5 | C34: أمريكا-الارجواي-الامارات-ايرلندا-بريطانيا-عمان-فرنسا-قطر-هولندا
B35: 6
B36: 7
B40: 2-حيوانــــــــــــات أليفة وبرية :
B41: م | C41: نوع الحيوان | D41: الوحدة | E41: العدد
B42: 1 | C42: كلاب | D42: راس
B43: 2 | C43: قطط | D43: راس
B44: 3 | C44: غزلان | D44: راس
B45: 4 | C45: المها العربية | D45: راس
B46: 5 | C46: اللاما | D46: راس
B47: 6 | C47: قوارض (فئران - سناجب - خنزيرغينيا - هامستر ) | D47: راس
B48: 7 | C48: سناجب | D48: راس
B49: 8 | C49: برمائيات (سلاحف - ضفادع ) | D49: راس
B50: 9 | C50: زواحف ( ثعابين - سحالي - تماسيح ) | D50: راس
B51: 10 | C51: حيوانات برية مفترسة | D51: راس
B52: 11 | C52: الرئيسيات | D52: راس
B53: 12 | C53: حيوانات السيرك والعروض | D53: راس
B54: الإجمالي | E54: =SUM(E42:E53) -> 0
B56: م | C56: البلاد المصدرة :
B57: 1
B58: 2
B59: 3
B60: 4
B61: 5
B62: 6
B63: 7
B64: 8
B65: 9
B66: 10
B67: 11
B68: 12
B72: 3-طيــــــــــــــور وأسماك حيـــــــــــــــة:
B73: م | C73: نوع الطيور | D73: الوحدة | E73: العدد
B74: 1 | C74: كتاكيت | D74: راس
B75: 2 | C75: دواجن ( حمام - بط - ارانب - دجاج - تركي ) | D75: راس
B76: 3 | C76: نعام | D76: راس
B77: 4 | C77: طيور زينة | D77: رأس
B78: 5 | C78: طاووس | D78: راس
B79: 6 | C79: ببغاء | D79: راس
B80: 7 | C80: بطريق | D80: راس
B81: 8 | C81: بغبغاوات | D81: راس
B82: 9 | C82: طيور جارحة | D82: راس
B83: 10 | C83: اسماك زينة | D83: راس
B84: 11 | C84: اسماك تربية ( زريعة ) | D84: راس
B85: الإجمالي | E85: =SUM(E74:E84) -> 0
B87: م | C87: البلاد المصدرة :
B88: 1
B89: 2
B90: 3
B91: 4
B92: 5
B93: 6
B94: 7
B95: 8
B96: 9
B97: 10
B98: 11
B102: 4-لحـــــــــــــــــوم وأسمــــــــــــــاك:
B103: م | C103: نوع المنتج | D103: الوحده | E103: الوزن بالكيلو | F103: الوزن بالطن
B104: 1 | C104: أسماك | D104: كجم | E104: 238531.03 | F104: =E104/1000 -> 238.53103
B105: 2 | C105: منتجات أسماك ( تونة - رنجة - انشوجة - ساردين - مجفف - مدخن ) | D105: كجم | E105: 5000 | F105: =E105/1000 -> 5
B106: 3 | C106: زيت السمك للاستهلاك الادمي | D106: كجم | E106: 0 | F106: =E106/1000 -> 0
B107: 4 | C107: لحم بقري وجاموس | D107: كجم | E107: 39541.396 | F107: =E107/1000 -> 39.541396
B108: 5 | C108: لحم أغنام وماعز | D108: كجم | E108: 57747.98 | F108: =E108/1000 -> 57.74798
B109: 6 | C109: منتجات لحوم مصنعة ( مرتديلا - نقانق - سجق - لحم مفروم - لحم مدخن - مجفف .....) | D109: كجم | E109: 22119.47 | F109: =E109/1000 -> 22.11947
B110: 7 | C110: لحم ابل | D110: كجم | E110: 0 | F110: =E110/1000 -> 0
B111: 8 | C111: لحم غزال | D111: كجم | E111: 0 | F111: =E111/1000 -> 0
B112: 9 | C112: لحوم دواجن ( دجاج - ارانب - بط - حمام - سمان - رومي - نعام ) | D112: كجم | E112: 631584.2 | F112: =E112/1000 -> 631.5842
B113: 10 | C113: منتجات لحوم دواجن مصنعة (مرتديلا - مفروم - مجفف - نقانق - مدخن ) | D113: كجم | E113: 35 | F113: =E113/1000 -> 0.035
B114: 11 | C114: لحم خنزير ومنتجاته | D114: كجم | E114: 0 | F114: =E114/1000 -> 0
B115: 12 | C115: شحوم حيوانية | D115: كجم | E115: 0 | F115: =E115/1000 -> 0
B116: الإجمالي | E116: =SUM(E104:E115) -> 994559.08 | F116: =SUM(F104:F115) -> 994.55908
B118: م | C118: البلاد المصدرة :
B119: 1 | C119: الامارات-الهند-اسبانيا-اوغندا-الامارات-ايسلندا-باكستان-تايوان-عمان-تركيا-تشيلي-روسيا-فيتنام-نيوزلندا-هولندا
B120: 2 | D120: اوغندا
B121: 3
B122: 4 | C122: استراليا-الامارات-البرازيل-اليابان-ايطاليا-جنوب إفريقيا-فرنسا-نيوزلاندا-نيوزلندا
B123: 5 | C123: استراليا-الامارات-السعودية
B124: 6 | C124: الامارات-السعودية
B125: 7
...

Sheet يونيو
B9: سلطنة عمان
B10: وزارة الزراعة والثروة السمكية
B13: تقرير أعمال قسم الحجر البيطري لشهر يونيو
B14: منفــــــــــــــــــــــــــــــذ: | D14: =يناير!D14 -> الوجاجه
B16: أولا: الواردات
B18: 1- حيوانــــــــــــات حيـــــــــــــة :
B19: م | C19: نوع الحيوان | D19: الوحدة | E19: العدد
B20: 1 | C20: ابقار | D20: راس
B21: 2 | C21: ابل | D21: راس
B22: 3 | C22: ضان | D22: راس
B23: 4 | C23: ماعز | D23: راس
B24: 5 | C24: خيول | D24: راس | E24: 7
B25: 6 | C25: بوني | D25: راس
B26: 7 | C26: زيبرا | D26: راس
B27: الإجمالي | E27: =SUM(E20:E26) -> 7
B29: م | C29: البلاد المصدرة :
B30: 1
B31: 2
B32: 3
B33: 4
B34: 5 | C34: فرنسا-استراليا -امريكا -سولفينيا-الامارات-الاورجواي
B35: 6
B36: 7
B40: 2-حيوانــــــــــــات أليفة وبرية :
B41: م | C41: نوع الحيوان | D41: الوحدة | E41: العدد
B42: 1 | C42: كلاب | D42: راس | E42: 2
B43: 2 | C43: قطط | D43: راس | E43: 2
B44: 3 | C44: غزلان | D44: راس
B45: 4 | C45: المها العربية | D45: راس
B46: 5 | C46: اللاما | D46: راس
B47: 6 | C47: قوارض (فئران - سناجب - خنزيرغينيا - هامستر ) | D47: راس | E47: 20
B48: 7 | C48: سناجب | D48: راس
B49: 8 | C49: برمائيات (سلاحف - ضفادع ) | D49: راس
B50: 9 | C50: زواحف ( ثعابين - سحالي - تماسيح ) | D50: راس
B51: 10 | C51: حيوانات برية مفترسة | D51: راس
B52: 11 | C52: الرئيسيات | D52: راس
B53: 12 | C53: حيوانات السيرك والعروض | D53: راس
B54: الإجمالي | E54: =SUM(E42:E53) -> 24
B56: م | C56: البلاد المصدرة :
B57: 1 | C57: الامارات
B58: 2 | C58: الامارات
B59: 3
B60: 4
B61: 5
B62: 6 | C62: الامارات(الوبر الصخري)
B63: 7
B64: 8
B65: 9
B66: 10
B67: 11
B68: 12
B72: 3-طيــــــــــــــور وأسماك حيـــــــــــــــة:
B73: م | C73: نوع الطيور | D73: الوحدة | E73: العدد
B74: 1 | C74: كتاكيت | D74: راس
B75: 2 | C75: دواجن ( حمام - بط - ارانب - دجاج - تركي ) | D75: راس
B76: 3 | C76: نعام | D76: راس
B77: 4 | C77: طيور زينة | D77: رأس
B78: 5 | C78: طاووس | D78: راس
B79: 6 | C79: ببغاء | D79: راس
B80: 7 | C80: بطريق | D80: راس
B81: 8 | C81: بغبغاوات | D81: راس
B82: 9 | C82: طيور جارحة | D82: راس
B83: 10 | C83: اسماك زينة | D83: راس
B84: 11 | C84: اسماك تربية ( زريعة ) | D84: راس
B85: الإجمالي | E85: =SUM(E74:E84) -> 0
B87: م | C87: البلاد المصدرة :
B88: 1
B89: 2
B90: 3
B91: 4
B92: 5
B93: 6
B94: 7
B95: 8
B96: 9
B97: 10
B98: 11
B102: 4-لحـــــــــــــــــوم وأسمــــــــــــــاك:
B103: م | C103: نوع المنتج | D103: الوحده | E103: الوزن بالكيلو | F103: الوزن بالطن
B104: 1 | C104: أسماك | D104: كجم | E104: 452906 | F104: =E104/1000 -> 452.906
B105: 2 | C105: منتجات أسماك ( تونة - رنجة - انشوجة - ساردين - مجفف - مدخن ) | D105: كجم | E105: 34712 | F105: =E105/1000 -> 34.712
B106: 3 | C106: زيت السمك للاستهلاك الادمي | D106: كجم | F106: =E106/1000 -> 0
B107: 4 | C107: لحم بقري وجاموس | D107: كجم | E107: 26044 | F107: =E107/1000 -> 26.044
B108: 5 | C108: لحم أغنام وماعز | D108: كجم | E108: 24365 | F108: =E108/1000 -> 24.365
B109: 6 | C109: منتجات لحوم مصنعة ( مرتديلا - نقانق - سجق - لحم مفروم - لحم مدخن - مجفف .....) | D109: كجم | E109: 11095 | F109: =E109/1000 -> 11.095
B110: 7 | C110: لحم ابل | D110: كجم | F110: =E110/1000 -> 0
B111: 8 | C111: لحم غزال | D111: كجم | F111: =E111/1000 -> 0
B112: 9 | C112: لحوم دواجن ( دجاج - ارانب - بط - حمام - سمان - رومي - نعام ) | D112: كجم | E112: 816042 | F112: =E112/1000 -> 816.042
B113: 10 | C113: منتجات لحوم دواجن مصنعة (مرتديلا - مفروم - مجفف - نقانق - مدخن ) | D113: كجم | E113: 13 | F113: =E113/1000 -> 0.013
B114: 11 | C114: لحم خنزير ومنتجاته | D114: كجم | F114: =E114/1000 -> 0
B115: 12 | C115: شحوم حيوانية | D115: كجم | F115: =E115/1000 -> 0
B116: الإجمالي | E116: =SUM(E104:E115) -> 1365177 | F116: =SUM(F104:F115) -> 1365.177
B118: م | C118: البلاد المصدرة :
B119: 1 | C119: الامارات - فيتنام - النرويج – الهند- اندونيسيا - عمان –اوغندا -الصين– باكستان- ايسلندا- اسبانيا-استراليا-جزر فارو-ايطاليا-تايوان
B120: 2 | C120: الامارات – فيتنام – أستراليا-هولندا-امريكا-الهند-ميانمار-اوغندا-الصين-النرويج
B121: 3
B122: 4 | C122: الامارات – استراليا –البرازيل –ايطاليا
B123: 5 | C123: الامارات – استراليا- البرازيل- كينيا-ماليزيا
B124: 6 | C124: الامارات – السعودية
B125: 7
...

Sheet يوليو
B9: سلطنة عمان
B10: وزارة الزراعة والثروة السمكية
B13: تقرير أعمال قسم الحجر البيطري لشهر يوليو
B14: منفــــــــــــــــــــــــــــــذ: | D14: =يناير!D14 -> الوجاجه
B16: أولا: الواردات
B18: 1- حيوانــــــــــــات حيـــــــــــــة :
B19: م | C19: نوع الحيوان | D19: الوحدة | E19: العدد
B20: 1 | C20: ابقار | D20: راس | E20: 0
B21: 2 | C21: ابل | D21: راس
B22: 3 | C22: ضان | D22: راس
B23: 4 | C23: ماعز | D23: راس
B24: 5 | C24: خيول | D24: راس
B25: 6 | C25: بوني | D25: راس
B26: 7 | C26: زيبرا | D26: راس
B27: الإجمالي | E27: =SUM(E20:E26) -> 0
B29: م | C29: البلاد المصدرة :
B30: 1
B31: 2
B32: 3
B33: 4
B34: 5
B35: 6
B36: 7
B40: 2-حيوانــــــــــــات أليفة وبرية :
B41: م | C41: نوع الحيوان | D41: الوحدة | E41: العدد
B42: 1 | C42: كلاب | D42: راس
B43: 2 | C43: قطط | D43: راس
B44: 3 | C44: غزلان | D44: راس
B45: 4 | C45: المها العربية | D45: راس
B46: 5 | C46: اللاما | D46: راس
B47: 6 | C47: قوارض (فئران - سناجب - خنزيرغينيا - هامستر ) | D47: راس
B48: 7 | C48: سناجب | D48: راس
B49: 8 | C49: برمائيات (سلاحف - ضفادع ) | D49: راس
B50: 9 | C50: زواحف ( ثعابين - سحالي - تماسيح ) | D50: راس
B51: 10 | C51: حيوانات برية مفترسة | D51: راس
B52: 11 | C52: الرئيسيات | D52: راس
B53: 12 | C53: حيوانات السيرك والعروض | D53: راس
B54: الإجمالي | E54: =SUM(E42:E53) -> 0
B56: م | C56: البلاد المصدرة :
B57: 1
B58: 2
B59: 3
B60: 4
B61: 5
B62: 6
B63: 7
B64: 8
B65: 9
B66: 10
B67: 11
B68: 12
B72: 3-طيــــــــــــــور وأسماك حيـــــــــــــــة:
B73: م | C73: نوع الطيور | D73: الوحدة | E73: العدد
B74: 1 | C74: كتاكيت | D74: راس | E74: 0
B75: 2 | C75: دواجن ( حمام - بط - ارانب - دجاج - تركي ) | D75: راس | E75: 0
B76: 3 | C76: نعام | D76: راس | E76: 0
B77: 4 | C77: طيور زينة | D77: رأس | E77: 0
B78: 5 | C78: طاووس | D78: راس | E78: 0
B79: 6 | C79: ببغاء | D79: راس | E79: 0
B80: 7 | C80: بطريق | D80: راس | E80: 0
B81: 8 | C81: بغبغاوات | D81: راس | E81: 0
B82: 9 | C82: طيور جارحة | D82: راس | E82: 0
B83: 10 | C83: اسماك زينة | D83: راس | E83: 0
B84: 11 | C84: اسماك تربية ( زريعة ) | D84: راس | E84: 0
B85: الإجمالي | E85: =SUM(E74:E84) -> 0
B87: م | C87: البلاد المصدرة :
B88: 1
B89: 2
B90: 3
B91: 4
B92: 5
B93: 6
B94: 7
B95: 8
B96: 9
B97: 10
B98: 11
B102: 4-لحـــــــــــــــــوم وأسمــــــــــــــاك:
B103: م | C103: نوع المنتج | D103: الوحده | E103: الوزن بالكيلو | F103: الوزن بالطن
B104: 1 | C104: أسماك | D104: كجم | F104: =E104/1000 -> 0
B105: 2 | C105: منتجات أسماك ( تونة - رنجة - انشوجة - ساردين - مجفف - مدخن ) | D105: كجم | F105: =E105/1000 -> 0
B106: 3 | C106: زيت السمك للاستهلاك الادمي | D106: كجم | F106: =E106/1000 -> 0
B107: 4 | C107: لحم بقري وجاموس | D107: كجم | F107: =E107/1000 -> 0
B108: 5 | C108: لحم أغنام وماعز | D108: كجم | F108: =E108/1000 -> 0
B109: 6 | C109: منتجات لحوم مصنعة ( مرتديلا - نقانق - سجق - لحم مفروم - لحم مدخن - مجفف .....) | D109: كجم | F109: =E109/1000 -> 0
B110: 7 | C110: لحم ابل | D110: كجم | F110: =E110/1000 -> 0
B111: 8 | C111: لحم غزال | D111: كجم | F111: =E111/1000 -> 0
B112: 9 | C112: لحوم دواجن ( دجاج - ارانب - بط - حمام - سمان - رومي - نعام ) | D112: كجم | F112: =E112/1000 -> 0
B113: 10 | C113: منتجات لحوم دواجن مصنعة (مرتديلا - مفروم - مجفف - نقانق - مدخن ) | D113: كجم | F113: =E113/1000 -> 0
B114: 11 | C114: لحم خنزير ومنتجاته | D114: كجم | F114: =E114/1000 -> 0
B115: 12 | C115: شحوم حيوانية | D115: كجم | F115: =E115/1000 -> 0
B116: الإجمالي | E116: =SUM(E104:E115) -> 0 | F116: =SUM(F104:F115) -> 0
B118: م | C118: البلاد المصدرة :
B119: 1
B120: 2
B121: 3
B122: 4
B123: 5
B124: 6
B125: 7
...

Sheet اغسطس
B9: سلطنة عمان
B10: وزارة الزراعة والثروة السمكية
B13: تقرير أعمال قسم الحجر البيطري لشهر أغسطس
B14: منفــــــــــــــــــــــــــــــذ: | D14: =يناير!D14 -> الوجاجه
B16: أولا: الواردات
B18: 1- حيوانــــــــــــات حيـــــــــــــة :
B19: م | C19: نوع الحيوان | D19: الوحدة | E19: العدد
B20: 1 | C20: ابقار | D20: راس | E20: 0
B21: 2 | C21: ابل | D21: راس | E21: 0
B22: 3 | C22: ضان | D22: راس | E22: 0
B23: 4 | C23: ماعز | D23: راس | E23: 0
B24: 5 | C24: خيول | D24: راس | E24: 0
B25: 6 | C25: بوني | D25: راس | E25: 0
B26: 7 | C26: زيبرا | D26: راس | E26: 0
B27: الإجمالي | E27: =SUM(E20:E26) -> 0
B29: م | C29: البلاد المصدرة :
B30: 1
B31: 2
B32: 3
B33: 4
B34: 5
B35: 6
B36: 7
B40: 2-حيوانــــــــــــات أليفة وبرية :
B41: م | C41: نوع الحيوان | D41: الوحدة | E41: العدد
B42: 1 | C42: كلاب | D42: راس | E42: 0
B43: 2 | C43: قطط | D43: راس | E43: 0
B44: 3 | C44: غزلان | D44: راس | E44: 0
B45: 4 | C45: المها العربية | D45: راس | E45: 0
B46: 5 | C46: اللاما | D46: راس | E46: 0
B47: 6 | C47: قوارض (فئران - سناجب - خنزيرغينيا - هامستر ) | D47: راس | E47: 0
B48: 7 | C48: سناجب | D48: راس | E48: 0
B49: 8 | C49: برمائيات (سلاحف - ضفادع ) | D49: راس | E49: 0
B50: 9 | C50: زواحف ( ثعابين - سحالي - تماسيح ) | D50: راس | E50: 0
B51: 10 | C51: حيوانات برية مفترسة | D51: راس | E51: 0
B52: 11 | C52: الرئيسيات | D52: راس | E52: 0
B53: 12 | C53: حيوانات السيرك والعروض | D53: راس | E53: 0
B54: الإجمالي | E54: =SUM(E42:E53) -> 0
B56: م | C56: البلاد المصدرة :
B57: 1
B58: 2
B59: 3
B60: 4
B61: 5
B62: 6
B63: 7
B64: 8
B65: 9
B66: 10
B67: 11
B68: 12
B72: 3-طيــــــــــــــور وأسماك حيـــــــــــــــة:
B73: م | C73: نوع الطيور | D73: الوحدة | E73: العدد
B74: 1 | C74: كتاكيت | D74: راس | E74: 0
B75: 2 | C75: دواجن ( حمام - بط - ارانب - دجاج - تركي ) | D75: راس | E75: 0
B76: 3 | C76: نعام | D76: راس | E76: 0
B77: 4 | C77: طيور زينة | D77: رأس | E77: 0
B78: 5 | C78: طاووس | D78: راس | E78: 0
B79: 6 | C79: ببغاء | D79: راس | E79: 0
B80: 7 | C80: بطريق | D80: راس | E80: 0
B81: 8 | C81: بغبغاوات | D81: راس | E81: 0
B82: 9 | C82: طيور جارحة | D82: راس | E82: 0
B83: 10 | C83: اسماك زينة | D83: راس | E83: 0
B84: 11 | C84: اسماك تربية ( زريعة ) | D84: راس | E84: 0
B85: الإجمالي | E85: =SUM(E74:E84) -> 0
B87: م | C87: البلاد المصدرة :
B88: 1
B89: 2
B90: 3
B91: 4
B92: 5
B93: 6
B94: 7
B95: 8
B96: 9
B97: 10
B98: 11
B102: 4-لحـــــــــــــــــوم وأسمــــــــــــــاك:
B103: م | C103: نوع المنتج | D103: الوحده | E103: الوزن بالكيلو | F103: الوزن بالطن
B104: 1 | C104: أسماك | D104: كجم | F104: =E104/1000 -> 0
B105: 2 | C105: منتجات أسماك ( تونة - رنجة - انشوجة - ساردين - مجفف - مدخن ) | D105: كجم | F105: =E105/1000 -> 0
B106: 3 | C106: زيت السمك للاستهلاك الادمي | D106: كجم | F106: =E106/1000 -> 0
B107: 4 | C107: لحم بقري وجاموس | D107: كجم | F107: =E107/1000 -> 0
B108: 5 | C108: لحم أغنام وماعز | D108: كجم | F108: =E108/1000 -> 0
B109: 6 | C109: منتجات لحوم مصنعة ( مرتديلا - نقانق - سجق - لحم مفروم - لحم مدخن - مجفف .....) | D109: كجم | F109: =E109/1000 -> 0
B110: 7 | C110: لحم ابل | D110: كجم | F110: =E110/1000 -> 0
B111: 8 | C111: لحم غزال | D111: كجم | F111: =E111/1000 -> 0
B112: 9 | C112: لحوم دواجن ( دجاج - ارانب - بط - حمام - سمان - رومي - نعام ) | D112: كجم | F112: =E112/1000 -> 0
B113: 10 | C113: منتجات لحوم دواجن مصنعة (مرتديلا - مفروم - مجفف - نقانق - مدخن ) | D113: كجم | F113: =E113/1000 -> 0
B114: 11 | C114: لحم خنزير ومنتجاته | D114: كجم | F114: =E114/1000 -> 0
B115: 12 | C115: شحوم حيوانية | D115: كجم | F115: =E115/1000 -> 0
B116: الإجمالي | E116: =SUM(E104:E115) -> 0 | F116: =SUM(F104:F115) -> 0
B118: م | C118: البلاد المصدرة :
B119: 1
B120: 2
B121: 3
B122: 4
B123: 5
B124: 6
B125: 7
...

Sheet سبتمبر
B9: سلطنة عمان
B10: وزارة الزراعة والثروة السمكية
B13: تقرير أعمال قسم الحجر البيطري لشهر سبتمبر
B14: منفــــــــــــــــــــــــــــــذ: | D14: =يناير!D14 -> الوجاجه
B16: أولا: الواردات
B18: 1- حيوانــــــــــــات حيـــــــــــــة :
B19: م | C19: نوع الحيوان | D19: الوحدة | E19: العدد
B20: 1 | C20: ابقار | D20: راس | E20: 0
B21: 2 | C21: ابل | D21: راس | E21: 0
B22: 3 | C22: ضان | D22: راس | E22: 0
B23: 4 | C23: ماعز | D23: راس | E23: 0
B24: 5 | C24: خيول | D24: راس | E24: 0
B25: 6 | C25: بوني | D25: راس | E25: 0
B26: 7 | C26: زيبرا | D26: راس | E26: 0
B27: الإجمالي | E27: =SUM(E20:E26) -> 0
B29: م | C29: البلاد المصدرة :
B30: 1
B31: 2
B32: 3
B33: 4
B34: 5
B35: 6
B36: 7
B40: 2-حيوانــــــــــــات أليفة وبرية :
B41: م | C41: نوع الحيوان | D41: الوحدة | E41: العدد
B42: 1 | C42: كلاب | D42: راس | E42: 0
B43: 2 | C43: قطط | D43: راس | E43: 0
B44: 3 | C44: غزلان | D44: راس | E44: 0
B45: 4 | C45: المها العربية | D45: راس | E45: 0
B46: 5 | C46: اللاما | D46: راس | E46: 0
B47: 6 | C47: قوارض (فئران - سناجب - خنزيرغينيا - هامستر ) | D47: راس | E47: 0
B48: 7 | C48: سناجب | D48: راس | E48: 0
B49: 8 | C49: برمائيات (سلاحف - ضفادع ) | D49: راس | E49: 0
B50: 9 | C50: زواحف ( ثعابين - سحالي - تماسيح ) | D50: راس | E50: 0
B51: 10 | C51: حيوانات برية مفترسة | D51: راس | E51: 0
B52: 11 | C52: الرئيسيات | D52: راس | E52: 0
B53: 12 | C53: حيوانات السيرك والعروض | D53: راس | E53: 0
B54: الإجمالي | E54: =SUM(E42:E53) -> 0
B56: م | C56: البلاد المصدرة :
B57: 1
B58: 2
B59: 3
B60: 4
B61: 5
B62: 6
B63: 7
B64: 8
B65: 9
B66: 10
B67: 11
B68: 12
B72: 3-طيــــــــــــــور وأسماك حيـــــــــــــــة:
B73: م | C73: نوع الطيور | D73: الوحدة | E73: العدد
B74: 1 | C74: كتاكيت | D74: راس | E74: 0
B75: 2 | C75: دواجن ( حمام - بط - ارانب - دجاج - تركي ) | D75: راس | E75: 0
B76: 3 | C76: نعام | D76: راس | E76: 0
B77: 4 | C77: طيور زينة | D77: رأس | E77: 0
B78: 5 | C78: طاووس | D78: راس | E78: 0
B79: 6 | C79: ببغاء | D79: راس | E79: 0
B80: 7 | C80: بطريق | D80: راس | E80: 0
B81: 8 | C81: بغبغاوات | D81: راس | E81: 0
B82: 9 | C82: طيور جارحة | D82: راس | E82: 0
B83: 10 | C83: اسماك زينة | D83: راس | E83: 0
B84: 11 | C84: اسماك تربية ( زريعة ) | D84: راس | E84: 0
B85: الإجمالي | E85: =SUM(E74:E84) -> 0
B87: م | C87: البلاد المصدرة :
B88: 1
B89: 2
B90: 3
B91: 4
B92: 5
B93: 6
B94: 7
B95: 8
B96: 9
B97: 10
B98: 11
B102: 4-لحـــــــــــــــــوم وأسمــــــــــــــاك:
B103: م | C103: نوع المنتج | D103: الوحده | E103: الوزن بالكيلو | F103: الوزن بالطن
B104: 1 | C104: أسماك | D104: كجم | F104: =E104/1000 -> 0
B105: 2 | C105: منتجات أسماك ( تونة - رنجة - انشوجة - ساردين - مجفف - مدخن ) | D105: كجم | F105: =E105/1000 -> 0
B106: 3 | C106: زيت السمك للاستهلاك الادمي | D106: كجم | F106: =E106/1000 -> 0
B107: 4 | C107: لحم بقري وجاموس | D107: كجم | F107: =E107/1000 -> 0
B108: 5 | C108: لحم أغنام وماعز | D108: كجم | F108: =E108/1000 -> 0
B109: 6 | C109: منتجات لحوم مصنعة ( مرتديلا - نقانق - سجق - لحم مفروم - لحم مدخن - مجفف .....) | D109: كجم | F109: =E109/1000 -> 0
B110: 7 | C110: لحم ابل | D110: كجم | F110: =E110/1000 -> 0
B111: 8 | C111: لحم غزال | D111: كجم | F111: =E111/1000 -> 0
B112: 9 | C112: لحوم دواجن ( دجاج - ارانب - بط - حمام - سمان - رومي - نعام ) | D112: كجم | F112: =E112/1000 -> 0
B113: 10 | C113: منتجات لحوم دواجن مصنعة (مرتديلا - مفروم - مجفف - نقانق - مدخن ) | D113: كجم | F113: =E113/1000 -> 0
B114: 11 | C114: لحم خنزير ومنتجاته | D114: كجم | F114: =E114/1000 -> 0
B115: 12 | C115: شحوم حيوانية | D115: كجم | F115: =E115/1000 -> 0
B116: الإجمالي | E116: =SUM(E104:E115) -> 0 | F116: =SUM(F104:F115) -> 0
B118: م | C118: البلاد المصدرة :
B119: 1
B120: 2
B121: 3
B122: 4
B123: 5
B124: 6
B125: 7
...

Sheet اكتوبر 
B9: سلطنة عمان
B10: وزارة الزراعة والثروة السمكية
B13: تقرير أعمال قسم الحجر البيطري لشهر أكتوبر
B14: منفــــــــــــــــــــــــــــــذ: | D14: =يناير!D14 -> الوجاجه
B16: أولا: الواردات
B18: 1- حيوانــــــــــــات حيـــــــــــــة :
B19: م | C19: نوع الحيوان | D19: الوحدة | E19: العدد
B20: 1 | C20: ابقار | D20: راس | E20: 0
B21: 2 | C21: ابل | D21: راس | E21: 0
B22: 3 | C22: ضان | D22: راس | E22: 0
B23: 4 | C23: ماعز | D23: راس | E23: 0
B24: 5 | C24: خيول | D24: راس | E24: 0
B25: 6 | C25: بوني | D25: راس | E25: 0
B26: 7 | C26: زيبرا | D26: راس | E26: 0
B27: الإجمالي | E27: =SUM(E20:E26) -> 0
B29: م | C29: البلاد المصدرة :
B30: 1
B31: 2
B32: 3
B33: 4
B34: 5
B35: 6
B36: 7
B40: 2-حيوانــــــــــــات أليفة وبرية :
B41: م | C41: نوع الحيوان | D41: الوحدة | E41: العدد
B42: 1 | C42: كلاب | D42: راس | E42: 0
B43: 2 | C43: قطط | D43: راس | E43: 0
B44: 3 | C44: غزلان | D44: راس | E44: 0
B45: 4 | C45: المها العربية | D45: راس | E45: 0
B46: 5 | C46: اللاما | D46: راس | E46: 0
B47: 6 | C47: قوارض (فئران - سناجب - خنزيرغينيا - هامستر ) | D47: راس | E47: 0
B48: 7 | C48: سناجب | D48: راس | E48: 0
B49: 8 | C49: برمائيات (سلاحف - ضفادع ) | D49: راس | E49: 0
B50: 9 | C50: زواحف ( ثعابين - سحالي - تماسيح ) | D50: راس | E50: 0
B51: 10 | C51: حيوانات برية مفترسة | D51: راس | E51: 0
B52: 11 | C52: الرئيسيات | D52: راس | E52: 0
B53: 12 | C53: حيوانات السيرك والعروض | D53: راس | E53: 0
B54: الإجمالي | E54: =SUM(E42:E53) -> 0
B56: م | C56: البلاد المصدرة :
B57: 1
B58: 2
B59: 3
B60: 4
B61: 5
B62: 6
B63: 7
B64: 8
B65: 9
B66: 10
B67: 11
B68: 12
B72: 3-طيــــــــــــــور وأسماك حيـــــــــــــــة:
B73: م | C73: نوع الطيور | D73: الوحدة | E73: العدد
B74: 1 | C74: كتاكيت | D74: راس | E74: 0
B75: 2 | C75: دواجن ( حمام - بط - ارانب - دجاج - تركي ) | D75: راس | E75: 0
B76: 3 | C76: نعام | D76: راس | E76: 0
B77: 4 | C77: طيور زينة | D77: رأس | E77: 0
B78: 5 | C78: طاووس | D78: راس | E78: 0
B79: 6 | C79: ببغاء | D79: راس | E79: 0
B80: 7 | C80: بطريق | D80: راس | E80: 0
B81: 8 | C81: بغبغاوات | D81: راس | E81: 0
B82: 9 | C82: طيور جارحة | D82: راس | E82: 0
B83: 10 | C83: اسماك زينة | D83: راس | E83: 0
B84: 11 | C84: اسماك تربية ( زريعة ) | D84: راس | E84: 0
B85: الإجمالي | E85: =SUM(E74:E84) -> 0
B87: م | C87: البلاد المصدرة :
B88: 1
B89: 2
B90: 3
B91: 4
B92: 5
B93: 6
B94: 7
B95: 8
B96: 9
B97: 10
B98: 11
B102: 4-لحـــــــــــــــــوم وأسمــــــــــــــاك:
B103: م | C103: نوع المنتج | D103: الوحده | E103: الوزن بالكيلو | F103: الوزن بالطن
B104: 1 | C104: أسماك | D104: كجم | F104: =E104/1000 -> 0
B105: 2 | C105: منتجات أسماك ( تونة - رنجة - انشوجة - ساردين - مجفف - مدخن ) | D105: كجم | F105: =E105/1000 -> 0
B106: 3 | C106: زيت السمك للاستهلاك الادمي | D106: كجم | F106: =E106/1000 -> 0
B107: 4 | C107: لحم بقري وجاموس | D107: كجم | F107: =E107/1000 -> 0
B108: 5 | C108: لحم أغنام وماعز | D108: كجم | F108: =E108/1000 -> 0
B109: 6 | C109: منتجات لحوم مصنعة ( مرتديلا - نقانق - سجق - لحم مفروم - لحم مدخن - مجفف .....) | D109: كجم | F109: =E109/1000 -> 0
B110: 7 | C110: لحم ابل | D110: كجم | F110: =E110/1000 -> 0
B111: 8 | C111: لحم غزال | D111: كجم | F111: =E111/1000 -> 0
B112: 9 | C112: لحوم دواجن ( دجاج - ارانب - بط - حمام - سمان - رومي - نعام ) | D112: كجم | F112: =E112/1000 -> 0
B113: 10 | C113: منتجات لحوم دواجن مصنعة (مرتديلا - مفروم - مجفف - نقانق - مدخن ) | D113: كجم | F113: =E113/1000 -> 0
B114: 11 | C114: لحم خنزير ومنتجاته | D114: كجم | F114: =E114/1000 -> 0
B115: 12 | C115: شحوم حيوانية | D115: كجم | F115: =E115/1000 -> 0
B116: الإجمالي | E116: =SUM(E104:E115) -> 0 | F116: =SUM(F104:F115) -> 0
B118: م | C118: البلاد المصدرة :
B119: 1
B120: 2
B121: 3
B122: 4
B123: 5
B124: 6
B125: 7
...

Sheet نوفمبر
B9: سلطنة عمان
B10: وزارة الزراعة والثروة السمكية
B13: تقرير أعمال قسم الحجر البيطري لشهر نوفمبر
B14: منفــــــــــــــــــــــــــــــذ: | D14: =يناير!D14 -> الوجاجه
B16: أولا: الواردات
B18: 1- حيوانــــــــــــات حيـــــــــــــة :
B19: م | C19: نوع الحيوان | D19: الوحدة | E19: العدد
B20: 1 | C20: ابقار | D20: راس | E20: 0
B21: 2 | C21: ابل | D21: راس | E21: 0
B22: 3 | C22: ضان | D22: راس | E22: 0
B23: 4 | C23: ماعز | D23: راس | E23: 0
B24: 5 | C24: خيول | D24: راس | E24: 0
B25: 6 | C25: بوني | D25: راس | E25: 0
B26: 7 | C26: زيبرا | D26: راس | E26: 0
B27: الإجمالي | E27: =SUM(E20:E26) -> 0
B29: م | C29: البلاد المصدرة :
B30: 1
B31: 2
B32: 3
B33: 4
B34: 5
B35: 6
B36: 7
B40: 2-حيوانــــــــــــات أليفة وبرية :
B41: م | C41: نوع الحيوان | D41: الوحدة | E41: العدد
B42: 1 | C42: كلاب | D42: راس
B43: 2 | C43: قطط | D43: راس
B44: 3 | C44: غزلان | D44: راس
B45: 4 | C45: المها العربية | D45: راس
B46: 5 | C46: اللاما | D46: راس
B47: 6 | C47: قوارض (فئران - سناجب - خنزيرغينيا - هامستر ) | D47: راس
B48: 7 | C48: سناجب | D48: راس
B49: 8 | C49: برمائيات (سلاحف - ضفادع ) | D49: راس
B50: 9 | C50: زواحف ( ثعابين - سحالي - تماسيح ) | D50: راس
B51: 10 | C51: حيوانات برية مفترسة | D51: راس
B52: 11 | C52: الرئيسيات | D52: راس
B53: 12 | C53: حيوانات السيرك والعروض | D53: راس
B54: الإجمالي | E54: =SUM(E42:E53) -> 0
B56: م | C56: البلاد المصدرة :
B57: 1
B58: 2
B59: 3
B60: 4
B61: 5
B62: 6
B63: 7
B64: 8
B65: 9
B66: 10
B67: 11
B68: 12
B72: 3-طيــــــــــــــور وأسماك حيـــــــــــــــة:
B73: م | C73: نوع الطيور | D73: الوحدة | E73: العدد
B74: 1 | C74: كتاكيت | D74: راس | E74: 0
B75: 2 | C75: دواجن ( حمام - بط - ارانب - دجاج - تركي ) | D75: راس | E75: 0
B76: 3 | C76: نعام | D76: راس | E76: 0
B77: 4 | C77: طيور زينة | D77: رأس | E77: 0
B78: 5 | C78: طاووس | D78: راس | E78: 0
B79: 6 | C79: ببغاء | D79: راس | E79: 0
B80: 7 | C80: بطريق | D80: راس | E80: 0
B81: 8 | C81: بغبغاوات | D81: راس | E81: 0
B82: 9 | C82: طيور جارحة | D82: راس | E82: 0
B83: 10 | C83: اسماك زينة | D83: راس | E83: 0
B84: 11 | C84: اسماك تربية ( زريعة ) | D84: راس | E84: 0
B85: الإجمالي | E85: =SUM(E74:E84) -> 0
B87: م | C87: البلاد المصدرة :
B88: 1
B89: 2
B90: 3
B91: 4
B92: 5
B93: 6
B94: 7
B95: 8
B96: 9
B97: 10
B98: 11
B102: 4-لحـــــــــــــــــوم وأسمــــــــــــــاك:
B103: م | C103: نوع المنتج | D103: الوحده | E103: الوزن بالكيلو | F103: الوزن بالطن
B104: 1 | C104: أسماك | D104: كجم | F104: =E104/1000 -> 0
B105: 2 | C105: منتجات أسماك ( تونة - رنجة - انشوجة - ساردين - مجفف - مدخن ) | D105: كجم | F105: =E105/1000 -> 0
B106: 3 | C106: زيت السمك للاستهلاك الادمي | D106: كجم | F106: =E106/1000 -> 0
B107: 4 | C107: لحم بقري وجاموس | D107: كجم | F107: =E107/1000 -> 0
B108: 5 | C108: لحم أغنام وماعز | D108: كجم | F108: =E108/1000 -> 0
B109: 6 | C109: منتجات لحوم مصنعة ( مرتديلا - نقانق - سجق - لحم مفروم - لحم مدخن - مجفف .....) | D109: كجم | F109: =E109/1000 -> 0
B110: 7 | C110: لحم ابل | D110: كجم | F110: =E110/1000 -> 0
B111: 8 | C111: لحم غزال | D111: كجم | F111: =E111/1000 -> 0
B112: 9 | C112: لحوم دواجن ( دجاج - ارانب - بط - حمام - سمان - رومي - نعام ) | D112: كجم | F112: =E112/1000 -> 0
B113: 10 | C113: منتجات لحوم دواجن مصنعة (مرتديلا - مفروم - مجفف - نقانق - مدخن ) | D113: كجم | F113: =E113/1000 -> 0
B114: 11 | C114: لحم خنزير ومنتجاته | D114: كجم | F114: =E114/1000 -> 0
B115: 12 | C115: شحوم حيوانية | D115: كجم | F115: =E115/1000 -> 0
B116: الإجمالي | E116: =SUM(E104:E115) -> 0 | F116: =SUM(F104:F115) -> 0
B118: م | C118: البلاد المصدرة :
B119: 1
B120: 2
B121: 3
B122: 4
B123: 5
B124: 6
B125: 7
...

Sheet ديسمبر
B9: سلطنة عمان
B10: وزارة الزراعة والثروة السمكية
B13: تقرير أعمال قسم الحجر البيطري لشهر ديسمبر
B14: منفــــــــــــــــــــــــــــــذ: | D14: =يناير!D14 -> الوجاجه
B16: أولا: الواردات
B18: 1- حيوانــــــــــــات حيـــــــــــــة :
B19: م | C19: نوع الحيوان | D19: الوحدة | E19: العدد
B20: 1 | C20: ابقار | D20: راس
B21: 2 | C21: ابل | D21: راس
B22: 3 | C22: ضان | D22: راس
B23: 4 | C23: ماعز | D23: راس
B24: 5 | C24: خيول | D24: راس
B25: 6 | C25: بوني | D25: راس
B26: 7 | C26: زيبرا | D26: راس
B27: الإجمالي | E27: =SUM(E20:E26) -> 0
B29: م | C29: البلاد المصدرة :
B30: 1
B31: 2
B32: 3
B33: 4
B34: 5
B35: 6
B36: 7
B40: 2-حيوانــــــــــــات أليفة وبرية :
B41: م | C41: نوع الحيوان | D41: الوحدة | E41: العدد
B42: 1 | C42: كلاب | D42: راس
B43: 2 | C43: قطط | D43: راس
B44: 3 | C44: غزلان | D44: راس
B45: 4 | C45: المها العربية | D45: راس
B46: 5 | C46: اللاما | D46: راس
B47: 6 | C47: قوارض (فئران - سناجب - خنزيرغينيا - هامستر ) | D47: راس
B48: 7 | C48: سناجب | D48: راس
B49: 8 | C49: برمائيات (سلاحف - ضفادع ) | D49: راس
B50: 9 | C50: زواحف ( ثعابين - سحالي - تماسيح ) | D50: راس
B51: 10 | C51: حيوانات برية مفترسة | D51: راس
B52: 11 | C52: الرئيسيات | D52: راس
B53: 12 | C53: حيوانات السيرك والعروض | D53: راس
B54: الإجمالي | E54: =SUM(E42:E53) -> 0
B56: م | C56: البلاد المصدرة :
B57: 1
B58: 2
B59: 3
B60: 4
B61: 5
B62: 6
B63: 7
B64: 8
B65: 9
B66: 10
B67: 11
B68: 12
B72: 3-طيــــــــــــــور وأسماك حيـــــــــــــــة:
B73: م | C73: نوع الطيور | D73: الوحدة | E73: العدد
B74: 1 | C74: كتاكيت | D74: راس
B75: 2 | C75: دواجن ( حمام - بط - ارانب - دجاج - تركي ) | D75: راس
B76: 3 | C76: نعام | D76: راس
B77: 4 | C77: طيور زينة | D77: رأس
B78: 5 | C78: طاووس | D78: راس
B79: 6 | C79: ببغاء | D79: راس
B80: 7 | C80: بطريق | D80: راس
B81: 8 | C81: بغبغاوات | D81: راس
B82: 9 | C82: طيور جارحة | D82: راس
B83: 10 | C83: اسماك زينة | D83: راس
B84: 11 | C84: اسماك تربية ( زريعة ) | D84: راس
B85: الإجمالي | E85: =SUM(E74:E84) -> 0
B87: م | C87: البلاد المصدرة :
B88: 1
B89: 2
B90: 3
B91: 4
B92: 5
B93: 6
B94: 7
B95: 8
B96: 9
B97: 10
B98: 11
B102: 4-لحـــــــــــــــــوم وأسمــــــــــــــاك:
B103: م | C103: نوع المنتج | D103: الوحده | E103: الوزن بالكيلو | F103: الوزن بالطن
B104: 1 | C104: أسماك | D104: كجم | F104: =E104/1000 -> 0
B105: 2 | C105: منتجات أسماك ( تونة - رنجة - انشوجة - ساردين - مجفف - مدخن ) | D105: كجم | F105: =E105/1000 -> 0
B106: 3 | C106: زيت السمك للاستهلاك الادمي | D106: كجم | F106: =E106/1000 -> 0
B107: 4 | C107: لحم بقري وجاموس | D107: كجم | F107: =E107/1000 -> 0
B108: 5 | C108: لحم أغنام وماعز | D108: كجم | F108: =E108/1000 -> 0
B109: 6 | C109: منتجات لحوم مصنعة ( مرتديلا - نقانق - سجق - لحم مفروم - لحم مدخن - مجفف .....) | D109: كجم | F109: =E109/1000 -> 0
B110: 7 | C110: لحم ابل | D110: كجم | F110: =E110/1000 -> 0
B111: 8 | C111: لحم غزال | D111: كجم | F111: =E111/1000 -> 0
B112: 9 | C112: لحوم دواجن ( دجاج - ارانب - بط - حمام - سمان - رومي - نعام ) | D112: كجم | F112: =E112/1000 -> 0
B113: 10 | C113: منتجات لحوم دواجن مصنعة (مرتديلا - مفروم - مجفف - نقانق - مدخن ) | D113: كجم | F113: =E113/1000 -> 0
B114: 11 | C114: لحم خنزير ومنتجاته | D114: كجم | F114: =E114/1000 -> 0
B115: 12 | C115: شحوم حيوانية | D115: كجم | F115: =E115/1000 -> 0
B116: الإجمالي | E116: =SUM(E104:E115) -> 0 | F116: =SUM(F104:F115) -> 0
B118: م | C118: البلاد المصدرة :
B119: 1
B120: 2
B121: 3
B122: 4
B123: 5
B124: 6
B125: 7
...

Sheet التقرير السنوي
B9: سلطنة عمان
B10: وزارة الزراعة والثروة السمكية
B13: التقرير السنوي لأعمال قسم الحجر البيطري
B14: منفـــــــــــــــــــــــــــــــــذ: | D14: =يناير!D14 -> الوجاجه
B16: أولا: الواردات
B18: 1- حيوانــــــــــــات حيـــــــــــــة :
B19: م | C19: نوع الحيوان | D19: الوحدة | E19: العدد
B20: 1 | C20: ابقار | D20: راس | E20: =ديسمبر!E20+نوفمبر!E20+'اكتوبر '!E20+سبتمبر!E20+اغسطس!E20+يوليو!E20+يونيو!E20+مايو!E20+ابريل!E20+مارس!E20+فبراير!E20+يناير!E20 -> 0
B21: 2 | C21: ابل | D21: راس | E21: =ديسمبر!E21+نوفمبر!E21+'اكتوبر '!E21+سبتمبر!E21+اغسطس!E21+يوليو!E21+يونيو!E21+مايو!E21+ابريل!E21+مارس!E21+فبراير!E21+يناير!E21 -> 0
B22: 3 | C22: ضان | D22: راس | E22: =ديسمبر!E22+نوفمبر!E22+'اكتوبر '!E22+سبتمبر!E22+اغسطس!E22+يوليو!E22+يونيو!E22+مايو!E22+ابريل!E22+مارس!E22+فبراير!E22+يناير!E22 -> 0
B23: 4 | C23: ماعز | D23: راس | E23: =ديسمبر!E23+نوفمبر!E23+'اكتوبر '!E23+سبتمبر!E23+اغسطس!E23+يوليو!E23+يونيو!E23+مايو!E23+ابريل!E23+مارس!E23+فبراير!E23+يناير!E23 -> 0
B24: 5 | C24: خيول | D24: راس | E24: =ديسمبر!E24+نوفمبر!E24+'اكتوبر '!E24+سبتمبر!E24+اغسطس!E24+يوليو!E24+يونيو!E24+مايو!E24+ابريل!E24+مارس!E24+فبراير!E24+يناير!E24 -> 161
B25: 6 | C25: بوني | D25: راس | E25: =ديسمبر!E25+نوفمبر!E25+'اكتوبر '!E25+سبتمبر!E25+اغسطس!E25+يوليو!E25+يونيو!E25+مايو!E25+ابريل!E25+مارس!E25+فبراير!E25+يناير!E25 -> 0
B26: 7 | C26: زيبرا | D26: راس | E26: =ديسمبر!E26+نوفمبر!E26+'اكتوبر '!E26+سبتمبر!E26+اغسطس!E26+يوليو!E26+يونيو!E26+مايو!E26+ابريل!E26+مارس!E26+فبراير!E26+يناير!E26 -> 0
B27: الإجمالي | E27: =SUM(E20:E26) -> 161
B29: م | C29: البلاد المصدرة :
B30: 1 | C30: =CONCATENATE(يناير!C30,فبراير!C30,مارس!C30,ابريل!C30,مايو!C30,يونيو!C30,يوليو!C30,اغسطس!C30,سبتمبر!C30,نوفمبر!C30,'اكتوبر '!C30:G30,ديسمبر!C30)
B31: 2 | C31: =CONCATENATE(يناير!C31,فبراير!C31,مارس!C31,ابريل!C31,مايو!C31,يونيو!C31,يوليو!C31,اغسطس!C31,سبتمبر!C31,نوفمبر!C31,'اكتوبر '!C31:G31,ديسمبر!C31)
B32: 3 | C32: =CONCATENATE(يناير!C32,فبراير!C32,مارس!C32,ابريل!C32,مايو!C32,يونيو!C32,يوليو!C32,اغسطس!C32,سبتمبر!C32,نوفمبر!C32,'اكتوبر '!C32:G32,ديسمبر!C32)
B33: 4 | C33: =CONCATENATE(يناير!C33,فبراير!C33,مارس!C33,ابريل!C33,مايو!C33,يونيو!C33,يوليو!C33,اغسطس!C33,سبتمبر!C33,نوفمبر!C33,'اكتوبر '!C33:G33,ديسمبر!C33)
B34: 5 | C34: =CONCATENATE(يناير!C34,فبراير!C34,مارس!C34,ابريل!C34,مايو!C34,يونيو!C34,يوليو!C34,اغسطس!C34,سبتمبر!C34,نوفمبر!C34,'اكتوبر '!C34:G34,ديسمبر!C34) -> الامارات/فرنسا/الولايات المتحدة/اورغواي/المملكة المتحدة و ايرلندابريطانيا – فرنسا – بلجيكا – الدنمارك – عمان - الاماراتاستراليا/السعودية/فرنسا/ايطاليا/اسبانيا/ايرلندا/امريكا/المملكة المتحدة/جنوب افريقيا/عمان/الاماراتالامارات/فرنسا/الولايات المتحدة/اورغواي/المملكة المتحدة /ايطاليا/ ايرلنداأمريكا-الارجواي-الامارات-ايرلندا-بريطانيا-عمان-فرنسا-قطر-هولندافرنسا-استراليا -امريكا -سولفينيا-الامارات-الاورجواي
B35: 6 | C35: =CONCATENATE(يناير!C35,فبراير!C35,مارس!C35,ابريل!C35,مايو!C35,يونيو!C35,يوليو!C35,اغسطس!C35,سبتمبر!C35,نوفمبر!C35,'اكتوبر '!C35:G35,ديسمبر!C35)
B36: 7 | C36: =CONCATENATE(يناير!C36,فبراير!C36,مارس!C36,ابريل!C36,مايو!C36,يونيو!C36,يوليو!C36,اغسطس!C36,سبتمبر!C36,نوفمبر!C36,'اكتوبر '!C36:G36,ديسمبر!C36)
B40: 2-حيوانــــــــــــات أليفة وبرية :
B41: م | C41: نوع الحيوان | D41: الوحدة | E41: العدد
B42: 1 | C42: كلاب | D42: راس | E42: =ديسمبر!E42+نوفمبر!E42+'اكتوبر '!E42+سبتمبر!E42+اغسطس!E42+يوليو!E42+يونيو!E42+مايو!E42+ابريل!E42+مارس!E42+فبراير!E42+يناير!E42 -> 5
B43: 2 | C43: قطط | D43: راس | E43: =ديسمبر!E43+نوفمبر!E43+'اكتوبر '!E43+سبتمبر!E43+اغسطس!E43+يوليو!E43+يونيو!E43+مايو!E43+ابريل!E43+مارس!E43+فبراير!E43+يناير!E43 -> 8
B44: 3 | C44: غزلان | D44: راس | E44: =ديسمبر!E44+نوفمبر!E44+'اكتوبر '!E44+سبتمبر!E44+اغسطس!E44+يوليو!E44+يونيو!E44+مايو!E44+ابريل!E44+مارس!E44+فبراير!E44+يناير!E44 -> 0
B45: 4 | C45: المها العربية | D45: راس | E45: =ديسمبر!E45+نوفمبر!E45+'اكتوبر '!E45+سبتمبر!E45+اغسطس!E45+يوليو!E45+يونيو!E45+مايو!E45+ابريل!E45+مارس!E45+فبراير!E45+يناير!E45 -> 0
B46: 5 | C46: اللاما | D46: راس | E46: =ديسمبر!E46+نوفمبر!E46+'اكتوبر '!E46+سبتمبر!E46+اغسطس!E46+يوليو!E46+يونيو!E46+مايو!E46+ابريل!E46+مارس!E46+فبراير!E46+يناير!E46 -> 0
B47: 6 | C47: قوارض (فئران - سناجب - خنزيرغينيا - هامستر ) | D47: راس | E47: =ديسمبر!E47+نوفمبر!E47+'اكتوبر '!E47+سبتمبر!E47+اغسطس!E47+يوليو!E47+يونيو!E47+مايو!E47+ابريل!E47+مارس!E47+فبراير!E47+يناير!E47 -> 20
B48: 7 | C48: سناجب | D48: راس | E48: =ديسمبر!E48+نوفمبر!E48+'اكتوبر '!E48+سبتمبر!E48+اغسطس!E48+يوليو!E48+يونيو!E48+مايو!E48+ابريل!E48+مارس!E48+فبراير!E48+يناير!E48 -> 0
B49: 8 | C49: برمائيات (سلاحف - ضفادع ) | D49: راس | E49: =ديسمبر!E49+نوفمبر!E49+'اكتوبر '!E49+سبتمبر!E49+اغسطس!E49+يوليو!E49+يونيو!E49+مايو!E49+ابريل!E49+مارس!E49+فبراير!E49+يناير!E49 -> 0
B50: 9 | C50: زواحف ( ثعابين - سحالي - تماسيح ) | D50: راس | E50: =ديسمبر!E50+نوفمبر!E50+'اكتوبر '!E50+سبتمبر!E50+اغسطس!E50+يوليو!E50+يونيو!E50+مايو!E50+ابريل!E50+مارس!E50+فبراير!E50+يناير!E50 -> 0
B51: 10 | C51: حيوانات برية مفترسة | D51: راس | E51: =ديسمبر!E51+نوفمبر!E51+'اكتوبر '!E51+سبتمبر!E51+اغسطس!E51+يوليو!E51+يونيو!E51+مايو!E51+ابريل!E51+مارس!E51+فبراير!E51+يناير!E51 -> 0
B52: 11 | C52: الرئيسيات | D52: راس | E52: =ديسمبر!E52+نوفمبر!E52+'اكتوبر '!E52+سبتمبر!E52+اغسطس!E52+يوليو!E52+يونيو!E52+مايو!E52+ابريل!E52+مارس!E52+فبراير!E52+يناير!E52 -> 0
B53: 12 | C53: حيوانات السيرك والعروض | D53: راس | E53: =ديسمبر!E53+نوفمبر!E53+'اكتوبر '!E53+سبتمبر!E53+اغسطس!E53+يوليو!E53+يونيو!E53+مايو!E53+ابريل!E53+مارس!E53+فبراير!E53+يناير!E53 -> 0
B54: الإجمالي | E54: =SUM(E42:E53) -> 33
B56: م | C56: البلاد المصدرة :
B57: 1 | C57: =CONCATENATE(يناير!C57,فبراير!C57,مارس!C57,ابريل!C57,مايو!C57,يونيو!C57,يوليو!C57,اغسطس!C57,سبتمبر!C57,نوفمبر!C57,'اكتوبر '!C57:G57,ديسمبر!C57) -> الامارات - قطرالامارات
B58: 2 | C58: =CONCATENATE(يناير!C58,فبراير!C58,مارس!C58,ابريل!C58,مايو!C58,يونيو!C58,يوليو!C58,اغسطس!C58,سبتمبر!C58,نوفمبر!C58,'اكتوبر '!C58:G58,ديسمبر!C58) -> الامارات الاماراتالاماراتالاماراتالامارات
B59: 3 | C59: =CONCATENATE(يناير!C59,فبراير!C59,مارس!C59,ابريل!C59,مايو!C59,يونيو!C59,يوليو!C59,اغسطس!C59,سبتمبر!C59,نوفمبر!C59,'اكتوبر '!C59:G59,ديسمبر!C59)
B60: 4 | C60: =CONCATENATE(يناير!C60,فبراير!C60,مارس!C60,ابريل!C60,مايو!C60,يونيو!C60,يوليو!C60,اغسطس!C60,سبتمبر!C60,نوفمبر!C60,'اكتوبر '!C60:G60,ديسمبر!C60)
B61: 5 | C61: =CONCATENATE(يناير!C61,فبراير!C61,مارس!C61,ابريل!C61,مايو!C61,يونيو!C61,يوليو!C61,اغسطس!C61,سبتمبر!C61,نوفمبر!C61,'اكتوبر '!C61:G61,ديسمبر!C61)
B62: 6 | C62: =CONCATENATE(يناير!C62,فبراير!C62,مارس!C62,ابريل!C62,مايو!C62,يونيو!C62,يوليو!C62,اغسطس!C62,سبتمبر!C62,نوفمبر!C62,'اكتوبر '!C62:G62,ديسمبر!C62) -> الامارات(الوبر الصخري)
B63: 7 | C63: =CONCATENATE(يناير!C63,فبراير!C63,مارس!C63,ابريل!C63,مايو!C63,يونيو!C63,يوليو!C63,اغسطس!C63,سبتمبر!C63,نوفمبر!C63,'اكتوبر '!C63:G63,ديسمبر!C63)
B64: 8 | C64: =CONCATENATE(يناير!C64,فبراير!C64,مارس!C64,ابريل!C64,مايو!C64,يونيو!C64,يوليو!C64,اغسطس!C64,سبتمبر!C64,نوفمبر!C64,'اكتوبر '!C64:G64,ديسمبر!C64)
B65: 9 | C65: =CONCATENATE(يناير!C65,فبراير!C65,مارس!C65,ابريل!C65,مايو!C65,يونيو!C65,يوليو!C65,اغسطس!C65,سبتمبر!C65,نوفمبر!C65,'اكتوبر '!C65:G65,ديسمبر!C65)
B66: 10 | C66: =CONCATENATE(يناير!C66,فبراير!C66,مارس!C66,ابريل!C66,مايو!C66,يونيو!C66,يوليو!C66,اغسطس!C66,سبتمبر!C66,نوفمبر!C66,'اكتوبر '!C66:G66,ديسمبر!C66)
B67: 11 | C67: =CONCATENATE(يناير!C67,فبراير!C67,مارس!C67,ابريل!C67,مايو!C67,يونيو!C67,يوليو!C67,اغسطس!C67,سبتمبر!C67,نوفمبر!C67,'اكتوبر '!C67:G67,ديسمبر!C67)
B68: 12 | C68: =CONCATENATE(يناير!C68,فبراير!C68,مارس!C68,ابريل!C68,مايو!C68,يونيو!C68,يوليو!C68,اغسطس!C68,سبتمبر!C68,نوفمبر!C68,'اكتوبر '!C68:G68,ديسمبر!C68)
B72: 3-طيــــــــــــــور وأسماك حيـــــــــــــــة:
B73: م | C73: نوع الطيور | D73: الوحدة | E73: العدد
B74: 1 | C74: كتاكيت | D74: راس | E74: =ديسمبر!E74+نوفمبر!E74+'اكتوبر '!E74+سبتمبر!E74+اغسطس!E74+يوليو!E74+يونيو!E74+مايو!E74+ابريل!E74+مارس!E74+فبراير!E74+يناير!E74 -> 0
B75: 2 | C75: دواجن ( حمام - بط - ارانب - دجاج - تركي ) | D75: راس | E75: =ديسمبر!E75+نوفمبر!E75+'اكتوبر '!E75+سبتمبر!E75+اغسطس!E75+يوليو!E75+يونيو!E75+مايو!E75+ابريل!E75+مارس!E75+فبراير!E75+يناير!E75 -> 0
B76: 3 | C76: نعام | D76: راس | E76: =ديسمبر!E76+نوفمبر!E76+'اكتوبر '!E76+سبتمبر!E76+اغسطس!E76+يوليو!E76+يونيو!E76+مايو!E76+ابريل!E76+مارس!E76+فبراير!E76+يناير!E76 -> 0
B77: 4 | C77: طيور زينة | D77: رأس | E77: =ديسمبر!E77+نوفمبر!E77+'اكتوبر '!E77+سبتمبر!E77+اغسطس!E77+يوليو!E77+يونيو!E77+مايو!E77+ابريل!E77+مارس!E77+فبراير!E77+يناير!E77 -> 0
B78: 5 | C78: طاووس | D78: راس | E78: =ديسمبر!E78+نوفمبر!E78+'اكتوبر '!E78+سبتمبر!E78+اغسطس!E78+يوليو!E78+يونيو!E78+مايو!E78+ابريل!E78+مارس!E78+فبراير!E78+يناير!E78 -> 0
B79: 6 | C79: ببغاء | D79: راس | E79: =ديسمبر!E79+نوفمبر!E79+'اكتوبر '!E79+سبتمبر!E79+اغسطس!E79+يوليو!E79+يونيو!E79+مايو!E79+ابريل!E79+مارس!E79+فبراير!E79+يناير!E79 -> 0
B80: 7 | C80: بطريق | D80: راس | E80: =ديسمبر!E80+نوفمبر!E80+'اكتوبر '!E80+سبتمبر!E80+اغسطس!E80+يوليو!E80+يونيو!E80+مايو!E80+ابريل!E80+مارس!E80+فبراير!E80+يناير!E80 -> 0
B81: 8 | C81: بغبغاوات | D81: راس | E81: =ديسمبر!E81+نوفمبر!E81+'اكتوبر '!E81+سبتمبر!E81+اغسطس!E81+يوليو!E81+يونيو!E81+مايو!E81+ابريل!E81+مارس!E81+فبراير!E81+يناير!E81 -> 0
B82: 9 | C82: طيور جارحة | D82: راس | E82: =ديسمبر!E82+نوفمبر!E82+'اكتوبر '!E82+سبتمبر!E82+اغسطس!E82+يوليو!E82+يونيو!E82+مايو!E82+ابريل!E82+مارس!E82+فبراير!E82+يناير!E82 -> 0
B83: 10 | C83: اسماك زينة | D83: راس | E83: =ديسمبر!E83+نوفمبر!E83+'اكتوبر '!E83+سبتمبر!E83+اغسطس!E83+يوليو!E83+يونيو!E83+مايو!E84+ابريل!E83+مارس!E83+فبراير!E83+يناير!E83 -> 0
B84: 11 | C84: اسماك تربية ( زريعة ) | D84: راس | E84: =ديسمبر!E84+نوفمبر!E84+'اكتوبر '!E84+سبتمبر!E84+اغسطس!E84+يوليو!E84+يونيو!E84+مايو!E85+ابريل!E84+مارس!E84+فبراير!E84+يناير!E84 -> 0
B85: الإجمالي | E85: =SUM(E74:E84) -> 0
B87: م | C87: البلاد المصدرة :
B88: 1 | C88: =CONCATENATE(يناير!C88,فبراير!C88,مارس!C88,ابريل!C88,مايو!C88,يونيو!C88,يوليو!C88,اغسطس!C88,سبتمبر!C88,نوفمبر!C88,'اكتوبر '!C88:G88,ديسمبر!C88)
B89: 2 | C89: =CONCATENATE(يناير!C89,فبراير!C89,مارس!C89,ابريل!C89,مايو!C89,يونيو!C89,يوليو!C89,اغسطس!C89,سبتمبر!C89,نوفمبر!C89,'اكتوبر '!C89:G89,ديسمبر!C89)
B90: 3 | C90: =CONCATENATE(يناير!C90,فبراير!C90,مارس!C90,ابريل!C90,مايو!C90,يونيو!C90,يوليو!C90,اغسطس!C90,سبتمبر!C90,نوفمبر!C90,'اكتوبر '!C90:G90,ديسمبر!C90)
B91: 4 | C91: =CONCATENATE(يناير!C91,فبراير!C91,مارس!C91,ابريل!C91,مايو!C91,يونيو!C91,يوليو!C91,اغسطس!C91,سبتمبر!C91,نوفمبر!C91,'اكتوبر '!C91:G91,ديسمبر!C91)
B92: 5 | C92: =CONCATENATE(يناير!C92,فبراير!C92,مارس!C92,ابريل!C92,مايو!C92,يونيو!C92,يوليو!C92,اغسطس!C92,سبتمبر!C92,نوفمبر!C92,'اكتوبر '!C92:G92,ديسمبر!C92)
B93: 6 | C93: =CONCATENATE(يناير!C93,فبراير!C93,مارس!C93,ابريل!C93,مايو!C93,يونيو!C93,يوليو!C93,اغسطس!C93,سبتمبر!C93,نوفمبر!C93,'اكتوبر '!C93:G93,ديسمبر!C93)
B94: 7 | C94: =CONCATENATE(يناير!C94,فبراير!C94,مارس!C94,ابريل!C94,مايو!C94,يونيو!C94,يوليو!C94,اغسطس!C94,سبتمبر!C94,نوفمبر!C94,'اكتوبر '!C94:G94,ديسمبر!C94)
B95: 8 | C95: =CONCATENATE(يناير!C95,فبراير!C95,مارس!C95,ابريل!C95,مايو!C95,يونيو!C95,يوليو!C95,اغسطس!C95,سبتمبر!C95,نوفمبر!C95,'اكتوبر '!C95:G95,ديسمبر!C95)
B96: 9 | C96: =CONCATENATE(يناير!C96,فبراير!C96,مارس!C96,ابريل!C96,مايو!C96,يونيو!C96,يوليو!C96,اغسطس!C96,سبتمبر!C96,نوفمبر!C96,'اكتوبر '!C96:G96,ديسمبر!C96)
B97: 10 | C97: =CONCATENATE(يناير!C97,فبراير!C97,مارس!C97,ابريل!C97,مايو!C97,يونيو!C97,يوليو!C97,اغسطس!C97,سبتمبر!C97,نوفمبر!C97,'اكتوبر '!C97:G97,ديسمبر!C97)
B98: 11 | C98: =CONCATENATE(يناير!C98,فبراير!C98,مارس!C98,ابريل!C98,مايو!C98,يونيو!C98,يوليو!C98,اغسطس!C98,سبتمبر!C98,نوفمبر!C98,'اكتوبر '!C98:G98,ديسمبر!C98)
B102: 4-لحـــــــــــــــــوم وأسمــــــــــــــاك:
B103: م | C103: نوع المنتج | D103: الوحده | E103: الوزن بالكيلو | F103: الوزن بالطن
B104: 1 | C104: أسماك | D104: كجم | E104: =ديسمبر!E104+نوفمبر!E104+'اكتوبر '!E104+سبتمبر!E104+اغسطس!E104+يوليو!E104+يونيو!E104+مايو!E104+ابريل!E104+مارس!E104+فبراير!E104+يناير!E104 -> 1139604.1 | F104: =E104/1000 -> 1139.6041
B105: 2 | C105: منتجات أسماك ( تونة - رنجة - انشوجة - ساردين - مجفف - مدخن ) | D105: كجم | E105: =ديسمبر!E105+نوفمبر!E105+'اكتوبر '!E105+سبتمبر!E105+اغسطس!E105+يوليو!E105+يونيو!E105+مايو!E105+ابريل!E105+مارس!E105+فبراير!E105+يناير!E105 -> 106579.08 | F105: =E105/1000 -> 106.57908
B106: 3 | C106: زيت السمك للاستهلاك الادمي | D106: كجم | E106: =ديسمبر!E106+نوفمبر!E106+'اكتوبر '!E106+سبتمبر!E106+اغسطس!E106+يوليو!E106+يونيو!E106+مايو!E106+ابريل!E106+مارس!E106+فبراير!E106+يناير!E106 -> 0 | F106: =E106/1000 -> 0
B107: 4 | C107: لحم بقري وجاموس | D107: كجم | E107: =ديسمبر!E107+نوفمبر!E107+'اكتوبر '!E107+سبتمبر!E107+اغسطس!E107+يوليو!E107+يونيو!E107+مايو!E107+ابريل!E107+مارس!E107+فبراير!E107+يناير!E107 -> 374076.89 | F107: =E107/1000 -> 374.07689
B108: 5 | C108: لحم أغنام وماعز | D108: كجم | E108: =ديسمبر!E108+نوفمبر!E108+'اكتوبر '!E108+سبتمبر!E108+اغسطس!E108+يوليو!E108+يونيو!E108+مايو!E108+ابريل!E108+مارس!E108+فبراير!E108+يناير!E108 -> 601878.47 | F108: =E108/1000 -> 601.87847
B109: 6 | C109: منتجات لحوم مصنعة ( مرتديلا - نقانق - سجق - لحم مفروم - لحم مدخن - مجفف .....) | D109: كجم | E109: =ديسمبر!E109+نوفمبر!E109+'اكتوبر '!E109+سبتمبر!E109+اغسطس!E109+يوليو!E109+يونيو!E109+مايو!E109+ابريل!E109+مارس!E109+فبراير!E109+يناير!E109 -> 137001.6 | F109: =E109/1000 -> 137.0016
B110: 7 | C110: لحم ابل | D110: كجم | E110: =ديسمبر!E110+نوفمبر!E110+'اكتوبر '!E110+سبتمبر!E110+اغسطس!E110+يوليو!E110+يونيو!E110+مايو!E110+ابريل!E110+مارس!E110+فبراير!E110+يناير!E110 -> 0 | F110: =E110/1000 -> 0
B111: 8 | C111: لحم غزال | D111: كجم | E111: =ديسمبر!E111+نوفمبر!E111+'اكتوبر '!E111+سبتمبر!E111+اغسطس!E111+يوليو!E111+يونيو!E111+مايو!E111+ابريل!E111+مارس!E111+فبراير!E111+يناير!E111 -> 0 | F111: =E111/1000 -> 0
B112: 9 | C112: لحوم دواجن ( دجاج - ارانب - بط - حمام - سمان - رومي - نعام ) | D112: كجم | E112: =ديسمبر!E112+نوفمبر!E112+'اكتوبر '!E112+سبتمبر!E112+اغسطس!E112+يوليو!E112+يونيو!E112+مايو!E112+ابريل!E112+مارس!E112+فبراير!E112+يناير!E112 -> 3433493.9 | F112: =E112/1000 -> 3433.4939
B113: 10 | C113: منتجات لحوم دواجن مصنعة (مرتديلا - مفروم - مجفف - نقانق - مدخن ) | D113: كجم | E113: =ديسمبر!E113+نوفمبر!E113+'اكتوبر '!E113+سبتمبر!E113+اغسطس!E113+يوليو!E113+يونيو!E113+مايو!E113+ابريل!E113+مارس!E113+فبراير!E113+يناير!E113 -> 18609.64 | F113: =E113/1000 -> 18.60964
B114: 11 | C114: لحم خنزير ومنتجاته | D114: كجم | E114: =ديسمبر!E114+نوفمبر!E114+'اكتوبر '!E114+سبتمبر!E114+اغسطس!E114+يوليو!E114+يونيو!E114+مايو!E114+ابريل!E114+مارس!E114+فبراير!E114+يناير!E114 -> 0 | F114: =E114/1000 -> 0
B115: 12 | C115: شحوم حيوانية | D115: كجم | E115: =ديسمبر!E115+نوفمبر!E115+'اكتوبر '!E115+سبتمبر!E115+اغسطس!E115+يوليو!E115+يونيو!E115+مايو!E115+ابريل!E115+مارس!E115+فبراير!E115+يناير!E115 -> 50 | F115: =E115/1000 -> 0.05
B116: الإجمالي | E116: =SUM(E104:E115) -> 5811293.7 | F116: =SUM(F104:F115) -> 5811.2937
B118: م | C118: البلاد المصدرة :
B119: 1 | C119: =CONCATENATE(يناير!C119,فبراير!C119,مارس!C119,ابريل!C119,مايو!C119,يونيو!C119,يوليو!C119,اغسطس!C119,سبتمبر!C119,نوفمبر!C119,'اكتوبر '!C119:G119,ديسمبر!C119) -> الامارات - اسبانيا - النرويج - الهند - اندونسيا - عمان - اوغندا - تركيا - نيوزيلاندافرنسا/الهند/الصين/عمان/ميانمار/فيتنام/النرويج/بلغاريا/يوغندا/نيوزيلاند/انونيسيا/ايسلند/باكستان/الاماراتالامارات/اسبانيا/النرويج/الهند/اندونيسيا/فيتنام/اوغندا/باكستان/نيوزيلاند/اليابان/الصين/روسياالامارات-الهند-اسبانيا-اوغندا-الامارات-ايسلندا-باكستان-تايوان-عمان-تركيا-تشيلي-روسيا-فيتنام-نيوزلندا-هولنداالامارات - فيتنام - النرويج – الهند- اندونيسيا - عمان –اوغندا -الصين– باكستان- ايسلندا- اسبانيا-استراليا-جزر فارو-ايطاليا-تايوان
B120: 2 | C120: =CONCATENATE(يناير!C120,فبراير!C120,مارس!C120,ابريل!C120,مايو!C120,يونيو!C120,يوليو!C120,اغسطس!C120,سبتمبر!C120,نوفمبر!C120,'اكتوبر '!C120:G120,ديسمبر!C120) -> الامارات - فيتنام - النرويج - اليونان - اندونيسياالاماراتالامارات – فيتنام – أستراليا-هولندا-امريكا-الهند-ميانمار-اوغندا-الصين-النرويج
B121: 3 | C121: =CONCATENATE(يناير!C121,فبراير!C121,مارس!C121,ابريل!C121,مايو!C121,يونيو!C121,يوليو!C121,اغسطس!C121,سبتمبر!C121,نوفمبر!C121,'اكتوبر '!C121:G121,ديسمبر!C121)
B122: 4 | C122: =CONCATENATE(يناير!C122,فبراير!C122,مارس!C122,ابريل!C122,مايو!C122,يونيو!C122,يوليو!C122,اغسطس!C122,سبتمبر!C122,نوفمبر!C122,'اكتوبر '!C122:G122,ديسمبر!C122) -> الامارات - البرازيل - هولندا - استراليا -جنوب افريقياالبرازيل/استراليا/ماليزيا/هولندا/الامارات/ايطاليا/فرنساالامارات/البرازيل/هولندا/استراليا/السعودية/فرنسا/جنوب افريقيا/سنغافوره/تشيلي /الدنمارك /اليابان/ ماليزيااستراليا-الامارات-البرازيل-اليابان-ايطاليا-جنوب إفريقيا-فرنسا-نيوزلاندا-نيوزلنداالامارات – استراليا –البرازيل –ايطاليا
B123: 5 | C123: =CONCATENATE(يناير!C123,فبراير!C123,مارس!C123,ابريل!C123,مايو!C123,يونيو!C123,يوليو!C123,اغسطس!C123,سبتمبر!C123,نوفمبر!C123,'اكتوبر '!C123:G123,ديسمبر!C123) -> الامارات - استراليا استراليا/البرازيل/الاروغواي/هولندا/الاماراتالامارات/استراليا/السعودية/ايطاليااستراليا-الامارات-السعوديةالامارات – استراليا- البرازيل- كينيا-ماليزيا
B124: 6 | C124: =CONCATENATE(يناير!C124,فبراير!C124,مارس!C124,ابريل!C124,مايو!C124,يونيو!C124,يوليو!C124,اغسطس!C124,سبتمبر!C124,نوفمبر!C124,'اكتوبر '!C124:G124,ديسمبر!C124) -> الامارات - السعوديه - الكويت - استراليا - امريكاالسعودية/الامارات/استرالياالامارات/السعوديةالامارات-السعوديةالامارات – السعودية
B125: 7 | C125: =CONCATENATE(يناير!C125,فبراير!C125,مارس!C125,ابريل!C125,مايو!C125,يونيو!C125,يوليو!C125,اغسطس!C125,سبتمبر!C125,نوفمبر!C125,'اكتوبر '!C125:G125,ديسمبر!C125)
...
